driverId,name,ssn,location,certified,wage-plan
10,Alyssa Miller,652-24-1395,"449 Montgomery Mills Suite 086
North Nicolemouth, AL 78096",Y,hours
11,Elaine Klein,012-05-5801,"PSC 7586, Box 4764
APO AA 30555",N,miles
12,Jordan Smith,843-24-5475,"4998 Janice Knolls Apt. 056
Ayersport, WV 32865",Y,hours
13,Eric Fleming,794-06-8135,"657 Montes Well Suite 445
South Karenmouth, MA 66619",Y,hours
14,Elaine Thomas,408-81-1448,"Unit 4348 Box 6843
DPO AP 94049",N,hours
15,Alexander Porter,560-97-7970,"683 Jennifer Ports
Tinaton, WI 97608",N,miles
16,Michael Summers,309-37-0303,"1353 Nelson Club
Owenburgh, PR 94517",Y,hours
17,Brian Lee,341-72-3892,"764 Steven Pines
Lake Allisonstad, ID 31060",N,hours
18,Brenda Brown,542-81-1179,"417 Laura Flat Apt. 053
West Jennifer, AS 70202",N,hours
19,Paul Mendoza,878-74-3076,"360 Carolyn Divide
West Garrettland, MS 23935",N,hours
20,Mrs. Terri Ramirez,792-34-8810,"PSC 1495, Box 1469
APO AP 56210",Y,hours
21,Ernest Johnston,210-62-8310,"38559 Philip Unions Apt. 206
Austinville, TN 90026",N,hours
22,Charlotte Phillips,537-65-0012,"7591 Paul Parkway Suite 070
Johnfurt, MH 63293",Y,hours
23,David Campbell,021-97-2679,"926 Amanda Locks
Bishopchester, PR 26231",Y,miles
24,Susan Hogan,389-74-3314,"2756 Laura Drive
Cooperbury, WV 71391",N,hours
25,Kristen Sheppard,360-17-8133,"663 Adams Loop Apt. 219
North Briannaton, MS 43652",N,hours
26,Adam Greene,047-41-5251,"44577 Espinoza Isle
Port Eric, NC 19983",Y,miles
27,Christine Ewing,266-31-0116,"2664 Lisa Ridges
Richardside, WV 16430",N,miles
28,David Mueller,511-72-0546,"427 Frances Village
Loganport, KY 76246",Y,miles
29,Caleb Hayden,040-77-6176,"93915 Brandy Fords
West Nathanside, RI 64756",N,hours
30,Alexandra Hess,550-97-7431,"1135 Devin Canyon Apt. 619
Lake Kimberly, MN 09687",Y,hours
31,Ronald Morgan,619-94-0250,"1645 Peter Camp Apt. 562
Kellerton, MH 16390",N,miles
32,Kimberly Murphy,251-39-3648,"2982 Wendy Vista
Colonland, MT 24759",Y,miles
33,Sarah Hill,744-62-6842,"891 Rebecca Villages
Robertport, ME 51893",N,hours
34,Sandra Ochoa,650-59-5863,"2651 Anthony Junction Suite 429
Robertmouth, MD 97707",N,hours
35,Benjamin Bowman,782-20-1793,"2981 Jackson Stream
Lake Kimberly, NC 98803",N,miles
36,Michele Fleming,795-79-3616,"USCGC Kent
FPO AE 17944",Y,hours
37,Misty Fuentes,515-24-2236,"Unit 1182 Box 1669
DPO AP 52352",N,hours
38,Mason Thomas,649-15-9642,"65414 Roberson Vista Apt. 657
East Tylerland, GA 43017",N,hours
39,Howard Rivers,329-25-9701,"481 Nicholas Dale Suite 668
Port Laura, ME 11800",N,hours
40,Kevin Guerrero,261-55-1743,"827 Morales Light
Ashleyshire, HI 28832",Y,hours
41,Nicholas Jones,601-39-7669,"144 Frank Pass Apt. 457
South Scottchester, IN 78679",N,hours
42,Kaylee Hawkins,707-99-7001,"321 Melissa Ford
New Roberta, DE 47482",Y,miles
43,Angela Mendoza,783-47-7099,"800 Caitlin Trafficway
South Sandra, IA 26059",N,miles
44,John Harrell,263-16-1926,"070 Thomas Cape Apt. 240
Brandyfort, AZ 22602",N,hours
45,Shawn Clark,540-65-9278,"89839 Gordon Ranch
Taylorland, VT 37562",N,hours
46,Lauren Best,881-54-1045,"5071 Gonzalez Springs
Dillonhaven, SD 26992",Y,miles
47,Sheryl Wilson,264-58-7248,"64322 Kathleen Ways
Wesleyborough, OR 88261",N,hours
48,Nicole Curtis,003-65-0014,"95027 Daniel Valleys Apt. 673
Tanyabury, DE 47256",Y,miles
49,Derek Oneill,548-12-3027,"67298 Tammy Heights
Stephanieshire, MT 42156",N,miles
50,Caroline Hobbs,382-39-4622,"62373 Cooper Brooks Apt. 288
Millsview, MD 21950",N,hours
51,Jeremy Bailey,485-08-2784,"808 April Drive Suite 029
Anthonymouth, IA 51401",N,hours
52,Zoe Pierce,088-79-7221,"USNV Taylor
FPO AP 43461",Y,miles
53,Albert Weeks,226-79-1055,"7760 Steven Tunnel Suite 494
Santosmouth, OR 12441",N,hours
54,Joel Peterson,116-14-5453,"33742 Hayes Pine Apt. 585
Christopherbury, VI 08921",N,miles
55,Bryan Ramirez,724-38-8758,"743 Gates Extensions
Hoffmanton, NJ 72623",Y,hours
56,Mark Dunn,344-07-1779,"USS Aguilar
FPO AP 92579",N,hours
57,Shawn Mcdonald,815-54-4347,"862 Porter Mill Apt. 714
New Janet, IA 08668",N,miles
58,Heather Hays,551-21-2095,"7598 Taylor Fields
South Martinview, IN 12028",N,miles
59,Joshua Gonzalez,574-12-6948,"30646 Moore Lights
Jennifermouth, HI 64278",N,hours
60,Susan House,231-19-9819,"5417 Morgan Bridge
Jarviston, LA 05591",Y,miles
61,Michelle Berg,532-67-2498,"9526 Ashley Terrace
Lake Ambershire, CO 40999",N,hours
62,Theresa Decker,770-84-4017,"591 Shah Club
Waltonburgh, OK 70539",Y,miles
63,Mr. William Bennett DDS,100-28-5545,"172 Bond Spring Suite 604
Khanport, TX 36493",N,hours
64,Alicia Norman,473-94-7781,"73296 Stafford Island Suite 676
South Sarahtown, AL 00807",N,hours
65,Robert Davis,568-67-1306,"655 Alvarado Glens Apt. 552
East Elizabeth, NM 20523",Y,miles
66,Marilyn Thomas,257-26-8006,"46151 Ramos Plain Apt. 151
Rogersberg, OK 19007",N,hours
67,Holly Massey,145-23-9538,"60261 Ramos Knoll
New Beth, NY 86351",N,hours
68,Hannah Ramirez,208-33-7427,"96396 Sanchez Port
Hooperton, NM 74196",Y,hours
69,Mr. Jose Nixon II,134-94-8400,"513 Raymond Points
North Kennethtown, TX 84581",N,miles
70,Eugene Buck,685-55-7127,"3825 Donna Ways Suite 184
Terryberg, WV 97462",N,hours
71,Scott Davenport,105-17-4807,"30694 Salinas Prairie
South Jenniferport, NE 51637",N,miles
72,Karen Jones,250-06-1178,"042 Stephanie Squares
Johnhaven, MI 91957",Y,miles
73,Michelle Sullivan,240-40-8278,"1834 Walker Path
Christinaborough, MS 11026",Y,miles
74,Jeffery Davis,050-63-0031,"6216 Stephanie Port
West Melissa, PA 09053",Y,miles
75,Kelsey Cunningham,828-04-0413,"8176 Michele Gateway Apt. 552
Abigailland, FM 96891",N,miles
76,Sarah Kim,579-63-4656,"2929 Roach Junctions Apt. 014
East Allisonberg, SC 82650",Y,miles
77,Heidi Andrews,115-83-9111,"PSC 4493, Box 6839
APO AA 65356",N,hours
78,John Davis,758-53-0839,"40956 Connor Coves Apt. 287
East James, KS 41476",N,miles
79,Daniel Marquez,688-10-7746,"41664 Williams Courts
West Christopher, DC 43502",Y,miles
80,Lindsey Baird,260-54-6256,"1785 White Grove
Leonardmouth, AZ 31389",N,hours
81,Candice Lee,670-14-5456,"887 Barnes Coves Apt. 993
Garnerfurt, ID 89725",Y,hours
82,Sara Gonzalez MD,030-23-2727,"76158 Adam Course Suite 519
Lake Mackenzie, OK 87358",N,hours
83,Michael Smith,514-72-0359,"71329 Joshua Ford
North Juanbury, MS 07433",Y,hours
84,Laura Burnett,166-62-7689,"PSC 9946, Box 7586
APO AP 89208",Y,miles
85,Larry Jones,299-72-2068,"293 Melinda Mall Suite 154
New Jessebury, TN 63597",N,hours
86,Teresa Wiley,564-73-6438,"5065 Michael Track Suite 658
West Betty, NV 72568",Y,hours
87,Paul Harrison,162-60-1604,"916 Brooks Springs
South Kevin, VA 94534",Y,hours
88,Kimberly Ryan,697-39-4832,"76517 Brian Lakes Apt. 272
North Sonya, MI 44350",N,hours
89,Michelle Cowan,685-75-4748,"763 Harvey Lock Suite 732
West Sheilatown, MH 88299",N,miles
90,Jared Golden,235-85-0046,"046 Diane Roads
Foxshire, GA 11156",N,miles
91,Gary Jenkins,135-62-1919,"12632 Moran Mountain Suite 895
North Claudia, MH 43553",N,hours
92,Jason Morton,272-50-9174,"912 Roger Branch
Tiffanyton, NY 21620",N,miles
93,Cory Burgess,036-12-0722,"USCGC Williams
FPO AE 50931",Y,hours
94,Catherine Carroll,580-07-1452,"2934 Thomas Place
New Sarah, WV 23519",Y,hours
95,Brian Jacobson,198-62-0071,"8731 Justin Wall
Ronaldview, HI 41990",Y,hours
96,Gregory Brock,141-46-1637,"769 Allen Pine
Ronaldmouth, AK 14118",N,miles
97,Lydia Thompson,495-09-0830,"0133 Cox Stream Apt. 568
Lake Andrew, AL 76888",N,hours
98,Kyle Martin,680-51-6938,"881 Stacey Drive Suite 938
West Keithmouth, LA 95546",Y,hours
99,William Newman,270-04-5549,"8345 Tina Place Suite 525
New Eric, FM 32960",N,miles
100,Sara Ramos,563-14-6067,"157 Christy Shoal Suite 310
New Keithchester, SC 31139",N,hours
101,Curtis Smith,589-32-7789,"6201 Johnson Centers Suite 672
South Nicoleport, KS 85116",N,miles
102,Justin Brown,176-94-1173,"252 Jared Turnpike Apt. 154
Hancockbury, OH 24059",N,hours
103,Shawn Elliott,595-52-0635,"Unit 0321 Box 4052
DPO AA 33348",N,miles
104,Crystal Medina,769-24-7438,"690 Craig Greens Suite 023
Tashamouth, VA 89236",N,hours
105,Tracy Ray,325-72-1214,"47102 Flores Canyon Apt. 984
South Daniel, OH 23706",Y,miles
106,Alison Grimes,223-67-4946,"93682 David Knoll Suite 552
Brentstad, NM 33318",N,miles
107,Denise Jones,732-75-0327,"8031 Harris Street Apt. 794
New Jason, NY 36000",Y,hours
108,Kristen Davis,586-66-6303,"849 Kenneth Hills Suite 192
South Lorichester, NJ 87455",N,miles
109,Kathryn Rivera,725-90-5568,"9594 Mcguire Squares Apt. 769
Amandashire, OH 11187",N,miles
110,Michael Murray,676-11-6716,"8280 Ryan Pike Apt. 879
South Christopher, PW 60819",Y,hours
111,David Love,154-45-1062,"32760 Hardin Station
North Randy, NM 89191",Y,hours
112,Scott Maldonado,418-19-5558,"38635 Mary Ford Apt. 894
Katherinefort, AS 03037",N,miles
113,Dana Terry,242-23-0612,"09295 Monica Trace Apt. 023
South Anthony, NJ 87919",Y,hours
114,Keith Farrell,043-75-1497,"1259 Ellis Stravenue
New Darrenville, AR 51102",N,hours
115,Jessica Ortiz,119-54-9010,"85176 Lee Rue
Sullivanstad, MN 94338",N,miles
116,Mrs. Patricia Sampson MD,822-07-4553,"0836 Lee Causeway Suite 301
South Jonathanmouth, CT 09694",Y,miles
117,Anthony Hernandez,662-99-2360,"Unit 6401 Box 4167
DPO AE 75169",N,miles
118,Bryan Evans,397-84-9525,"03453 Johnson Bypass Apt. 176
North Kristieburgh, NJ 24668",Y,miles
119,Shannon Strong,765-87-7923,"97022 Wagner Course
South April, NV 74686",Y,hours
120,Margaret Tran,350-93-1551,"8397 Dawn Terrace
Port Jenniferchester, WV 74322",Y,miles
121,Brian Johnson,490-85-2114,"093 Williams Mountain
North Alexandria, TX 30961",Y,miles
122,Austin Simpson,128-69-1483,"USCGC Baker
FPO AP 63743",N,hours
123,Mrs. Tara Campbell,587-06-7249,"03564 Black Ports Suite 150
New Brittneystad, IN 55210",N,hours
124,Lindsey Ramirez,599-45-8448,"6374 Parks Hill Apt. 630
Tracyton, WI 84104",N,miles
125,Devin Ross,820-44-9869,"7071 Moran Courts Apt. 877
Mcdanielside, WY 96187",Y,miles
126,Calvin Wright,038-89-8415,"2142 Virginia Run
West Karen, KY 14573",N,hours
127,Keith Wolfe,319-25-8160,"PSC 6308, Box 5425
APO AE 29760",Y,hours
128,Miranda Moss,112-70-7212,"50568 Ashley Shoals Suite 318
New Lynnchester, NJ 15534",N,miles
129,Melissa Reid,667-55-0577,"470 Samantha Gardens
South Tonyland, VT 73324",N,hours
130,Eugene Turner,583-93-3459,"PSC 9396, Box 0978
APO AE 85897",N,hours
131,Sarah Harris,816-23-5192,"3833 Gregory Road Apt. 753
West Allisonburgh, MP 79279",Y,miles
132,Alexis Johnson,120-97-7113,"692 Valerie Crest Apt. 613
New Rebecca, HI 48793",N,hours
133,Cody Jenkins,360-41-9397,"6946 Austin Row
Jamesburgh, PW 59143",Y,hours
134,John Schmidt,681-10-1998,"28172 Gonzales Parkways
West Lindachester, IN 09683",Y,miles
135,Anna James,431-36-7573,"5277 Kyle Well
South Nicolechester, WA 52700",N,hours
136,James Cox,328-84-9518,"PSC 0025, Box 5744
APO AE 17710",Y,miles
137,Erica Jenkins,363-67-1061,"17201 April Flat Apt. 364
Brownville, AZ 70907",Y,miles
138,April Anderson,810-66-2806,"194 Emily Way
Port Kevin, CO 40050",Y,miles
139,Duane Stewart,230-44-5980,"12915 Rodriguez Brook
New Ashleyburgh, ME 07409",N,miles
140,Lisa Blair,059-33-1263,"Unit 3629 Box 2923
DPO AA 41803",N,miles
141,Juan Sanchez,762-50-0158,"030 Shelly Extension Suite 957
West Patrick, TN 73783",N,hours
142,Ethan Wright,573-32-6421,"04577 Miller Passage Apt. 704
East Johnnyhaven, MS 93873",Y,hours
143,Shane Monroe,631-76-7959,"USNS Stewart
FPO AA 24187",N,miles
144,Yolanda White,406-66-7500,"748 Mcbride Cove
Danielville, MN 29817",N,hours
145,Dr. Lori Zimmerman MD,100-78-0440,"44485 Marissa Common
Danielport, NC 78082",N,miles
146,Nicole Davis,342-61-9623,"21474 Fitzpatrick Street Apt. 574
Charlesville, MA 62345",Y,hours
147,Jonathan Williams,824-26-4250,"USNV Perez
FPO AE 88100",N,hours
148,Julie Griffin,085-35-6244,"01114 Davis Lodge Suite 188
New Nicholashaven, GU 73202",N,hours
149,Eric Buckley,894-11-1100,"6095 Alec Circle Suite 935
Lake Davidborough, PA 39665",Y,hours
150,Joseph Proctor,714-60-9984,"770 Mccann Circle Apt. 965
Port Rachael, SC 64548",Y,hours
151,Ashley Choi,130-13-4924,"5976 Patrick Vista
Parsonsside, MS 26738",N,miles
152,Jordan Bishop,605-10-8934,"57616 Ramirez Falls
Ashleyberg, ME 78540",Y,hours
153,William Cordova,862-46-4043,"43552 Travis Cliffs
North Ginaborough, ID 14611",N,miles
154,Dennis Jones,278-88-5573,"7801 Valerie Park Apt. 541
Reyesmouth, DE 95106",Y,miles
155,Tabitha Baker,531-99-0658,"79787 Best Ford
Beckerport, KY 32070",Y,miles
156,Maureen Williams,133-74-2663,"254 Hall Extension
Port Amberville, PR 59439",Y,hours
157,Andrea Martin,036-49-5228,"91938 Anthony Forges Apt. 224
Ryanmouth, RI 08617",N,hours
158,Calvin Berg,852-56-6863,"Unit 2762 Box 2714
DPO AE 11573",Y,miles
159,Rodney Conrad,276-33-7939,"7231 Barnes Mountain
Lindseyton, MP 85910",N,miles
160,Matthew Solomon,687-85-7139,"77729 Stephanie Knoll
Beanberg, KS 48212",Y,hours
161,Heather Arias,265-77-5988,"37347 John Course Suite 307
Miketown, VI 55525",Y,miles
162,Ashley Hansen,895-73-6055,"7639 Gloria Wall Suite 361
Laurafurt, VI 98449",Y,miles
163,Sherri Chavez,820-05-5729,"29115 Soto Freeway
Robertton, AK 17463",N,miles
164,David Jackson,488-47-3080,"1462 Murray Drives
New Jimmymouth, MP 51080",N,hours
165,Levi Strong,086-71-0845,"17237 Kramer Springs Suite 706
North Brandymouth, WY 95548",N,miles
166,Kenneth Zavala,040-21-9560,"6237 Smith Extension
Amberton, MN 35268",Y,miles
167,Kristine Hutchinson,201-94-7239,"87690 Max Vista
Gabrielleshire, AZ 33320",N,miles
168,Maureen Taylor,134-83-4129,"039 Veronica Station
Phillipfort, MN 33591",Y,miles
169,Robert Smith,129-92-8768,"631 Derek Fall
West Raymond, UT 96510",Y,miles
170,Adam Newman,372-91-0480,"65572 Estes Walk
Coopermouth, PR 53054",Y,hours
171,Debra Collins,886-07-2346,"513 Wells Forge
Carrollmouth, ID 25246",Y,miles
172,Caitlin Weaver,747-68-9542,"684 Evan Drives
Rodriguezchester, PA 69804",N,miles
173,Deborah Blair,256-89-7067,"0405 Douglas Street Apt. 938
Cookmouth, OK 59245",N,hours
174,Cynthia Li,800-28-9461,"303 Christopher Locks Apt. 221
Mackenzieshire, SC 31502",N,hours
175,Mr. Michael Koch Jr.,021-71-0018,"5004 Joseph Vista Suite 467
Mooreton, CA 44278",N,miles
176,Jennifer Clark,506-25-1640,"394 Alexis Corner Apt. 563
Morganview, DC 76957",N,miles
177,Stacey Owens,329-70-1948,"37925 Perez Island
Lake Larry, CT 48057",Y,hours
178,Doris Kim,206-05-6028,"USNV Haynes
FPO AP 94603",Y,hours
179,Stacy Gaines,102-62-8152,"727 Whitney Parkways
Haleyville, SC 51968",Y,hours
180,Timothy Carpenter,269-58-8678,"164 Steele Passage
West Wayne, ME 20393",N,hours
181,John Sandoval,431-06-3203,"14557 Vaughn Valley Suite 124
Donaldsonmouth, PW 08633",N,hours
182,Bryan Woods,449-24-7355,"685 Watson Turnpike Suite 093
Farrellville, MP 49631",Y,hours
183,Amy Peterson,611-19-9998,"9367 Hayden Brooks Suite 593
Port Breanna, MO 42494",N,hours
184,Amy Whitehead,407-33-1698,"97015 Horton Turnpike Suite 331
North Elizabeth, RI 88824",N,hours
185,Eileen Kennedy,771-04-4909,"31773 Anderson Springs
Meganstad, AZ 71123",Y,miles
186,Maria Fox,781-18-4732,"844 Kevin Plains
Gardnershire, VI 34880",N,miles
187,Cynthia Lucero,053-66-7209,"54728 Patrick Estates
Angelicaland, HI 22975",Y,hours
188,Christopher Martin,433-71-3743,"27777 Murphy Fields
Port Diana, SD 42940",N,hours
189,David Harris,040-39-0830,"181 Williams Inlet Suite 020
Port Matthew, WI 67494",N,hours
190,Toni Hutchinson MD,375-77-2092,"478 Davila Plaza
Davidberg, NC 41893",Y,hours
191,Cheyenne Davis,618-32-9137,"66737 Bryant Fork Suite 227
Amychester, ID 38781",Y,hours
192,David Williamson,761-16-7221,"735 Flores Club
Rebeccaside, RI 50673",N,miles
193,Tammy Orozco,486-27-3670,"64869 Barbara Fields Suite 865
South Michealhaven, ID 47667",N,hours
194,Alexandra Diaz,313-13-1694,"522 Carter Forest Apt. 312
East Alexandra, TX 33156",Y,hours
195,Lisa Nelson,846-79-2305,"04441 Lopez Loaf
East Nicholashaven, WI 46114",Y,miles
196,Jasmine Miller,543-78-4420,"0178 Elijah Centers Suite 140
North Valerieview, LA 16337",Y,hours
197,Joseph Winters,487-62-9904,"69715 Beth Trafficway Apt. 334
Hunterchester, HI 04000",Y,miles
198,Adam Gonzales,282-08-8790,"07176 Benjamin Mews
Shawnshire, ME 02287",N,hours
199,Seth Mccoy,057-27-1228,"8568 Jackson Mount Suite 968
Ashleybury, NM 13917",Y,hours
200,Melvin Horton,515-67-1370,"29064 Courtney Lights Apt. 256
East Andrealand, OK 02054",Y,miles
201,Julia Johnson,530-26-6582,"467 Sara Causeway Suite 693
Jacobsview, AZ 40424",N,miles
202,Erin Fowler,019-45-4910,"Unit 6790 Box 2860
DPO AP 06500",Y,miles
203,Tommy Jenkins,248-50-5950,"17607 Sean Green Apt. 270
Sarahtown, MP 51559",N,hours
204,Greg Thomas,193-53-9383,"57581 Goodwin Island Suite 343
Lake Catherine, AS 99155",N,miles
205,Trevor Jensen,135-81-3576,"0289 Heather Plaza
Randolphton, NM 11329",Y,miles
206,Kelsey Zuniga,022-31-7271,"458 French Highway
Reedburgh, IA 01782",N,hours
207,William Haynes,096-30-1910,"222 Flores Rapids
Martinfurt, CT 42319",Y,hours
208,Annette Richardson,465-18-7934,"132 Deborah Field
West Nicholas, CO 41510",N,miles
209,Alexandria Barker,611-88-4481,"67912 Caleb Springs
Ellisonstad, AS 86888",Y,hours
210,Bruce Hutchinson,691-68-5760,"5675 Debra River
Smithland, HI 47367",N,hours
211,Jennifer Smith,079-32-7768,"4345 Justin Ports
Nicoleberg, SC 13562",Y,miles
212,James Porter,457-55-4030,"301 Dorsey Cove Suite 137
Russellbury, AS 98821",Y,miles
213,Christopher Harper,659-21-9998,"Unit 9782 Box 8829
DPO AA 93826",N,miles
214,Deborah Larsen,379-26-7143,"10732 Morrow Center
Bryanville, FM 33689",N,hours
215,Joseph Conley,847-41-2734,"PSC 7551, Box 3513
APO AP 50524",Y,hours
216,Kimberly Mckinney,597-77-9380,"72938 Joseph Fork
Morrisstad, AK 58870",N,hours
217,Bradley Watson,213-57-3010,"600 Cowan Divide Suite 657
Guerreroborough, AK 23527",Y,hours
218,Amy Kim,775-26-6809,"821 Daniel Highway Apt. 051
Michaelmouth, LA 20734",Y,hours
219,Robert Thompson,257-96-6003,"749 Jason Cliffs
Brucemouth, NE 48637",Y,hours
220,Tony Mullen,042-70-6918,"53211 Thomas Stravenue Suite 421
Millerburgh, SD 14393",Y,hours
221,Ashley Fleming,805-12-5794,"38578 Smith Underpass Apt. 184
Nancystad, WY 00732",N,miles
222,Barry Acosta,624-97-4933,"33720 Martinez Knolls
East Hunter, AL 37831",Y,miles
223,April Middleton,843-71-2266,"PSC 9324, Box 5290
APO AE 78308",Y,miles
224,Aaron Burgess,254-45-0127,"PSC 5844, Box 9532
APO AP 58232",N,hours
225,Christopher Davis,184-24-1749,"195 Dawson Course Apt. 425
South Chad, MH 16747",Y,miles
226,Keith Adams,035-79-5385,"92137 Hunter Locks
Morrisbury, KS 31514",Y,hours
227,Henry Ward,559-51-1392,"7580 Russell Junction
East Samanthastad, TN 57488",Y,hours
228,Adam Vega,811-71-1082,"6132 Best Junction
Michellemouth, MA 32250",N,miles
229,Gabriela Caldwell,824-68-3456,"Unit 4131 Box 6747
DPO AE 74789",N,hours
230,Donald Bennett,536-49-2853,"75996 Nancy Manors
Hopkinsside, GA 57540",Y,miles
231,Joseph Brooks,558-02-8152,"68520 Ferguson Wells
North Williamburgh, ND 25614",N,hours
232,Crystal Walker,624-27-6775,"7471 Powell Freeway
East Jacob, CO 86266",N,miles
233,Sara Zamora,326-60-8053,"434 Amy Stream Suite 603
Elizabethland, SD 66853",Y,miles
234,Andrea Stephens,203-61-5619,"27019 Lambert Cove
Port Deborahshire, GU 30292",Y,miles
235,Brandon Palmer,205-21-1142,"8757 Kennedy Points
Lambertmouth, GU 08260",N,miles
236,William Vang,687-32-1583,"3592 Rachael Ports Apt. 674
Ricestad, NE 19717",N,miles
237,Lauren Robbins,495-52-0378,"558 Kelly Vista
Josephtown, FL 01901",N,miles
238,Patricia Walker,471-55-5346,"803 Cervantes Coves Apt. 815
Wongburgh, MD 40901",N,hours
239,Sean Palmer,202-03-8684,"08726 Jordan Crossroad
Port James, NV 94863",Y,miles
240,Russell Martin,265-86-8847,"44386 Julie Path
Josephstad, NM 06397",N,miles
241,Christine Ramos,117-07-1006,"0571 Zavala Trafficway Suite 581
South Debra, OK 25818",Y,hours
242,Robert Stevens,478-36-7053,"06686 Gregory Pass Suite 331
West Austin, AZ 75731",Y,miles
243,Keith Rojas,184-11-4224,"726 Taylor Causeway
Port Bruce, UT 31201",N,miles
244,Michelle Chen,153-47-1082,"53009 Werner Underpass Suite 531
Benitezmouth, VA 44612",Y,miles
245,Ryan Meyers,829-42-9976,"073 Michael Trail
South Casey, VI 65927",Y,hours
246,Thomas Osborne,231-02-7219,"USNS Perez
FPO AE 50158",Y,hours
247,James Miller,698-84-0648,"874 Gardner Neck Suite 338
West Scottfurt, PW 32998",N,miles
248,Stacey Johnson,296-23-1039,"603 Thomas Brooks
West Christopherport, VI 65737",N,hours
249,Joshua Spencer,427-89-3959,"690 Dawn Viaduct Suite 862
Royfurt, AR 32726",N,miles
250,Alexandra Hernandez,403-41-2473,"69056 Douglas Ridge Apt. 276
Lake Faith, GU 20161",Y,hours
251,Lauren Miller,258-30-6219,"629 Timothy Gateway
South Christopher, CO 74019",N,miles
252,Dr. Sarah Owens,492-09-9715,"49955 Wright Divide
East Ericmouth, AR 77185",N,miles
253,Rachel Mckay,592-96-3134,"849 Gonzales Spring Apt. 719
Lake Stacey, OR 41811",N,hours
254,William Mason,308-51-8273,"6084 Ellis Neck
Sethmouth, MI 19286",N,hours
255,Denise Shepherd,326-67-1184,"8910 Russell Causeway Apt. 950
Travisberg, CA 73743",N,miles
256,Rebecca Floyd,684-77-4471,"Unit 6849 Box 5465
DPO AE 06196",N,miles
257,Curtis Mcdonald,277-83-9935,"Unit 3498 Box 8449
DPO AE 90842",Y,hours
258,Leah Kemp,072-21-3291,"6456 Timothy Rapid
Port Stephanie, DC 25422",Y,miles
259,Mrs. Katherine Sawyer MD,734-31-1230,"Unit 7782 Box 3598
DPO AE 70187",Y,hours
260,Gabrielle Martinez,452-91-1923,"14079 Peterson Drive Suite 319
Greerview, WY 59870",N,hours
261,Joshua Padilla,721-78-4736,"79119 Pierce Landing
Port Terry, UT 41870",Y,miles
262,Allison White,030-08-4846,"25695 Nguyen Burgs
Natalieport, MT 09213",N,hours
263,Sheryl Vincent,278-68-7876,"5959 Maria Run
Debbieport, NM 78690",N,miles
264,Jessica Terry,383-47-2830,"123 Medina Street
Barrettfort, NM 33108",Y,hours
265,James Stewart,311-88-8643,"76952 Kimberly Prairie
Lake Jacquelineshire, VT 75732",Y,miles
266,Timothy Harrison,806-97-8003,"2277 Chad Mews Apt. 419
South Michaelside, AK 97965",N,miles
267,Veronica Vaughn,383-32-1295,"USS Henderson
FPO AE 13060",Y,miles
268,Jonathan Smith,418-82-5712,"805 Gray Turnpike Apt. 614
Jonesville, MS 67704",N,miles
269,Curtis Hernandez,334-73-6443,"94089 Mary Keys
Amberside, AL 57617",Y,hours
270,Jenny Rios,833-37-6418,"34314 Dennis Green
West Gabriella, WY 37138",N,miles
271,Destiny Brooks,552-92-8248,"2654 Joseph Turnpike
Tylerberg, AR 96990",Y,miles
272,Melissa Butler,346-49-9081,"16092 Alvarado Common
New Natalie, NH 00567",Y,hours
273,Amanda Hernandez,273-38-4071,"9051 Matthew Lodge Apt. 085
New Gregorybury, AK 10171",Y,miles
274,Michele George,604-82-6692,"5495 Thomas Passage
Andrewbury, HI 73192",Y,hours
275,Madeline Benjamin MD,499-53-4866,"096 Sherry Drives
Joneschester, PW 12499",Y,miles
276,James Charles,726-28-0074,"4063 Tracy Walks
Chrisburgh, ME 97326",Y,hours
277,Ryan Perry,754-34-6765,"PSC 7633, Box 5817
APO AE 62276",N,miles
278,Brenda Thomas,250-85-4413,"3848 John Forks Apt. 749
Port Alexiston, NV 20540",Y,hours
279,Lee Barry PhD,622-47-1993,"040 Walton Tunnel
Port Tonyhaven, VT 17030",N,hours
280,Erica Arroyo,198-29-1741,"USCGC Tucker
FPO AP 46698",N,miles
281,Alexis Ferguson,199-08-7600,"46512 Bell Locks
East Julie, WV 67247",Y,miles
282,Sherry Mann,084-91-3185,"1595 Brian Squares Apt. 075
New Joshuabury, CO 72590",N,hours
283,William Soto,410-14-2091,"528 Walters Lane Suite 656
Adamsbury, VI 83823",N,miles
284,Megan Hicks,141-95-4910,"63375 Yang Hill
West Renee, CO 74850",N,miles
285,Karen Davis,236-68-1738,"593 David Islands Suite 768
Chenmouth, AS 16541",Y,hours
286,Sean Bell,779-57-6900,"31754 Katherine Manor
Christianview, GU 25064",Y,miles
287,Deborah Henderson,627-97-0875,"18975 Mann Prairie Apt. 613
North Scottland, UT 81287",Y,hours
288,Ryan Garcia,097-98-4683,"7811 Willis Parkways
Mccormickchester, AK 65090",N,hours
289,Dennis Pratt,076-88-9645,"40371 Michael Burgs Apt. 854
Port John, NV 32842",N,hours
290,Joshua Martinez,258-70-0715,"PSC 5159, Box 1118
APO AA 44187",N,miles
291,Kyle Butler,245-86-0065,"477 John Plains Suite 043
Hannahmouth, PW 64943",Y,miles
292,Kathy Fuller,331-99-5206,"97207 Julia Freeway
Port Heather, VA 97409",Y,hours
293,Heather Dunn,277-10-5636,"35650 Jennifer Avenue
Riceland, LA 88900",N,miles
294,Laura White,090-26-7236,"2291 Hailey Port
Toddtown, PA 77281",Y,hours
295,Courtney Nelson,644-65-2999,"46967 Joanna Extension
West Elizabethmouth, VA 33383",N,hours
296,Katherine Pearson,278-19-0468,"8716 Mitchell Lodge
Jamesborough, DC 60411",Y,miles
297,Joyce Tucker,742-55-0507,"61183 Wiggins Fields
Ashleyborough, SD 70568",Y,hours
298,Donald Hernandez,573-53-5695,"PSC 0159, Box 1400
APO AE 85993",Y,hours
299,Brandon Wolf,545-50-7746,"89462 Leach Unions
North Diane, WA 31115",Y,hours
300,Mary Ray,753-21-1176,"533 Randy Viaduct Suite 027
Lake Christine, TX 09654",N,miles
301,Glen Roberts,150-05-9702,"45469 Gonzalez Tunnel Suite 082
Richardsonshire, AL 24227",Y,miles
302,Holly Mitchell,406-02-6681,"24604 Tammy Drive Suite 440
South Josephfurt, GA 91152",N,miles
303,Amanda Lyons,808-21-8595,"96685 Huffman Square Apt. 907
Lake Michael, CT 52235",N,miles
304,Carlos Henry,068-63-3704,"3866 David Ville Suite 631
Jamieshire, CT 80437",N,miles
305,Jordan Miller,307-06-5669,"67840 Richard Groves Apt. 492
Watsonhaven, PA 79688",Y,hours
306,Daniel Taylor,245-53-5296,"6526 Pamela Grove
Richardfurt, GA 19330",N,hours
307,Michael Heath,421-40-5976,"10424 Butler Mill
Lake Justinfurt, TN 76671",N,miles
308,Daniel Patel,437-88-9920,"2303 Patel Mountain
Oliviamouth, MT 58445",N,miles
309,Theresa Roberts,625-69-0027,"944 Nathan Valley Apt. 321
Port Michelleborough, MN 83568",N,hours
310,Timothy Porter,417-46-1089,"344 Heather Square Suite 200
Stacyhaven, NV 29782",Y,hours
311,Aaron Jimenez,833-44-3163,"4491 Harding Rue
South Feliciafort, IA 07746",Y,miles
312,Joshua Watson,711-60-7703,"039 Anthony Knolls Apt. 167
Hillview, TX 84535",N,hours
313,Charles White,121-49-5376,"61626 Wong Lights Apt. 635
Lake Steveview, DE 53940",Y,miles
314,Carrie Wiggins,257-74-3595,"6279 Edwin Islands
Mccallstad, KY 77254",N,hours
315,Jennifer Love,507-13-3816,"23016 Hall Bridge
Sanchezfort, KS 77119",Y,miles
316,Alan Wallace,478-98-9846,"402 Brooks Extension
Nicoleberg, AK 84978",N,hours
317,David Knight,814-67-2185,"623 Munoz Extensions Suite 925
Tylerport, NC 14691",Y,miles
318,Omar Mcpherson,476-23-0425,"22025 Jenkins Stravenue
Codyton, VA 97662",N,miles
319,Christine Mclaughlin,259-15-1282,"2318 Elizabeth Ways Apt. 435
West Christopher, NH 39008",N,hours
320,Thomas Stokes,245-59-7988,"8256 Holloway Gardens Apt. 094
New Alexanderburgh, TN 37368",N,hours
321,Becky White,141-62-6550,"4399 Snyder Squares
West Taylorfurt, NC 35101",N,miles
322,Christopher Tucker,155-13-9537,"59994 Robert Mountain Apt. 642
New Vincentfort, IN 58308",Y,hours
323,Hailey Newton,593-36-1110,"4407 Brown Locks
Lake Kellybury, HI 89553",Y,hours
324,Heather Clark,736-35-8062,"008 Nixon Vista Apt. 471
New Gailfort, IN 97896",N,miles
325,Zachary Rodriguez,352-44-4969,"74918 Logan Mission
Briannatown, WY 74185",Y,miles
326,Lauren Silva,348-38-0132,"6970 Marshall Turnpike
East Lisa, AR 43860",Y,miles
327,Jordan Patel,574-28-0924,"PSC 3589, Box 0724
APO AE 53513",N,miles
328,Jerry Franklin,060-85-0452,"4542 Huang Groves
Olsenland, NC 03022",N,hours
329,Edward White,521-14-6742,"PSC 6338, Box 5311
APO AA 70677",N,hours
330,Anthony Bright,143-56-1767,"7652 Roberts Vista
Eatonchester, MI 74470",Y,miles
331,Jennifer Lopez,176-17-3430,"473 Williams Road
South Dawntown, AL 72528",N,miles
332,Matthew Harrell,700-52-4359,"012 Dawn Ranch Apt. 714
Smithstad, AS 07817",N,miles
333,Melissa Brady,410-43-1632,"0752 Emma Garden
Lake Tonyport, MS 57272",Y,hours
334,Drew Drake,717-30-8660,"618 Jocelyn Inlet Apt. 311
West Angelicaborough, PW 82064",N,miles
335,Jodi Mcdaniel,380-41-4382,"7503 Harris Avenue Apt. 684
East Stephanie, NC 07312",N,hours
336,Jesse Rodgers,429-42-2547,"58065 Kevin Way
Kellybury, WV 93437",N,hours
337,Mary Rivers,461-66-4984,"2204 Eric Drives Suite 499
South Frankchester, RI 41867",N,hours
338,Sheila Fitzpatrick,202-32-7061,"932 Vasquez Mission
Jennyport, MA 92584",N,miles
339,Vanessa Myers,251-60-8602,"163 Fischer Village
Hughesland, AR 44352",N,hours
340,Tony Hansen Jr.,232-56-0709,"914 Cobb Village Suite 321
Jacksonburgh, IA 07878",Y,miles
341,Shawn Flowers,866-01-9403,"44566 Bruce Route
Kennethtown, OH 50814",Y,hours
342,Greg Gill,607-64-8093,"44393 Diane Terrace
Christineland, VT 64552",Y,miles
343,Chloe Moss,174-04-2725,"156 Montgomery Station
Kelseyfort, MS 04863",Y,miles
344,Lisa Benton,467-88-9366,"774 Nicole Vista
Powersburgh, WA 74241",Y,hours
345,Susan Holt,245-97-3388,"1469 Mccoy Ferry
Jonesfurt, MN 76827",N,hours
346,Danielle Lopez,149-20-2696,"2341 Scott Drive Apt. 068
East Christina, ME 93894",N,miles
347,Eric Hayes,319-56-8029,"753 Walker Trace
Jennaside, FL 02874",N,miles
348,Laura Anderson,576-48-6049,"925 Lisa Bypass
New Anthony, MN 80353",N,hours
349,Kyle Juarez,220-29-9030,"635 Miller Flats
Stevenshire, CA 14843",N,miles
350,Rachel Avery,344-24-5304,"7516 Thomas Estates Suite 247
Powellstad, CO 10177",Y,miles
351,Dustin Rose,165-50-7857,"486 Jim Oval Apt. 318
Andreashire, CT 19019",Y,hours
352,Susan King,753-04-1251,"76998 Anthony Ports Apt. 367
Gardnerchester, AL 13164",N,hours
353,Michael Lloyd,174-20-0047,"01931 Smith Bridge Suite 266
Port Gregory, AZ 07753",N,hours
354,Edward Griffin,127-18-6444,"61172 Buchanan Squares Apt. 992
Garciamouth, CO 21189",N,miles
355,Melissa Woods,641-71-1076,"0493 Melody Prairie Apt. 744
Aguilarbury, ND 56624",Y,miles
356,Joseph Shaw,384-40-7870,"20510 Andrew Roads Apt. 636
North David, DE 84713",N,miles
357,Rebecca Thomas,013-72-6834,"2113 Stephen Islands Suite 524
West Jenniferfurt, NM 60242",N,hours
358,Brian Molina,303-99-1749,"139 Ochoa Circle Apt. 692
West Debra, IA 81163",N,hours
359,Christopher Gardner,120-27-2511,"98328 Maxwell Flats Apt. 072
Hollybury, CA 76682",Y,hours
360,Stacy Maldonado,282-45-4130,"081 Osborne Terrace
Port Rubenmouth, FL 82147",Y,miles
361,Brian Ramirez,485-72-3541,"1998 Maurice Locks Suite 625
East Johnborough, PW 83767",N,miles
362,Jose Nicholson,615-97-2783,"8791 Robin Crossroad Suite 432
Jessicaburgh, WV 70380",Y,miles
363,Ashley Perry,614-20-9318,"06611 Moore Common
Phillipburgh, ME 29842",N,miles
364,Michael Stephenson,762-40-0288,"577 Williams Forest Suite 253
Smithborough, OK 04487",N,miles
365,Michael Baker,360-28-2761,"8692 Sandoval Locks
New Karen, ND 36080",N,miles
366,Thomas Steele,535-03-5242,"USNV White
FPO AA 92223",N,hours
367,Kaitlyn Williams,813-22-5657,"83729 Fry Circle
New Jacquelinetown, ME 89774",N,hours
368,Barbara Gonzalez,509-70-6175,"USCGC Barnes
FPO AA 96428",Y,hours
369,John Lozano,453-27-0905,"USCGC Clarke
FPO AP 74601",Y,hours
370,Amanda Tapia,103-25-8603,"41902 Christopher Prairie Suite 404
Patelfort, MN 46881",Y,miles
371,Elizabeth Rivers,764-12-1059,"980 Evans Stream
Christinaberg, NH 48147",Y,hours
372,Jeffery Beard,870-39-3051,"068 Jacobs Coves Apt. 765
West Kenneth, PW 65675",N,miles
373,Christopher Foster,503-12-4647,"22149 Theresa Plains Suite 792
Carsonfort, MT 75332",N,hours
374,Daniel Logan,541-81-1863,"91389 Kevin Hollow
East Taylor, PA 13215",N,hours
375,Roy Morrow,315-55-4404,"715 Michael Circles
Fosterfurt, VT 05472",Y,hours
376,Benjamin Logan,160-12-5210,"487 Patricia Pike
Ryanborough, PR 63974",Y,hours
377,Patrick Johnson,810-02-2377,"4291 Grimes Neck Suite 918
South Kristenmouth, MA 36352",N,miles
378,Cynthia Price MD,366-42-0030,"25918 John Wall
North Leah, OR 10188",Y,hours
379,George Mack MD,821-87-0229,"3442 Khan Meadow Apt. 809
Thomasside, MO 48414",Y,miles
380,Cheyenne Jones,318-66-1355,"Unit 6606 Box 6974
DPO AP 95214",Y,hours
381,Robin Barnes,067-19-2087,"006 Lopez Extension
Herreramouth, LA 69554",N,hours
382,Charles Scott,232-67-9651,"4033 Kathryn Roads
Mcphersonhaven, ID 05107",N,hours
383,Megan Tran,001-99-4714,"Unit 6194 Box 6042
DPO AP 57044",N,miles
384,Regina Ballard,255-81-3782,"757 Craig Lake Suite 870
Rodriguezberg, AZ 50745",N,miles
385,Edward Lang,706-49-9685,"PSC 9323, Box 0293
APO AA 42188",N,miles
386,Scott Woodard,138-42-7605,"8383 King Meadow Apt. 469
Port Tammy, TN 77014",N,miles
387,Paul Garcia,853-86-1779,"3758 Stone Lakes
Theresaberg, KS 17555",Y,miles
388,Jenna Nichols,601-68-8331,"7752 Beth Drive
North Amy, CT 76039",N,miles
389,Kyle Bruce,025-08-4664,"85163 Edwards Coves Suite 515
Ashleyberg, AR 61937",N,hours
390,Eric Howard,121-02-7680,"692 Williams Roads
Port Randy, OK 14304",N,miles
391,Kayla Fox,618-33-0273,"27989 Jenkins Mountain
West Ashleyton, AS 56332",Y,miles
392,Alexandria Saunders,624-65-9512,"1015 Kim Hollow Suite 253
Pamelafurt, WY 84224",N,hours
393,Jennifer Wright,254-01-4614,"228 Amanda Creek
Josephborough, KY 36124",N,hours
394,Ryan Mcguire,628-54-5374,"511 Michelle Gardens Suite 028
Colemanport, DE 95624",N,miles
395,Dale Ramirez,288-52-6225,"901 Williams Gateway Suite 505
West Meganport, MA 95978",N,hours
396,Ronald Stephenson,390-42-7588,"30190 Weber Spring
East Andrea, LA 19306",Y,hours
397,Nancy Garcia,799-17-4731,"11643 Victoria Points
West Brenda, IL 93243",Y,miles
398,Angelica Wilson,060-65-8796,"88734 Jamie Curve
Davisbury, MI 80456",N,miles
399,Ann Novak,240-22-2357,"713 Reid Mount
North Johnfort, OR 99566",Y,miles
400,Richard Smith,512-71-3507,"2764 Craig Forks
Meaganchester, GU 49710",Y,miles
401,Frances Steele,817-24-8379,"641 Eric Garden
Jeremyland, FL 59411",Y,miles
402,Joe Howard,860-12-9928,"082 Murphy Expressway
Brendaside, MH 63560",Y,hours
403,Gabriel Warren,228-66-0928,"5141 William Views
Samanthafort, CT 39918",N,miles
404,Megan Winters,788-33-5400,"601 Cynthia Stravenue Suite 614
North Evelynview, NC 51003",N,miles
405,Travis Morse,374-04-2198,"86081 Daniel Stravenue
Thomasborough, HI 46325",N,miles
406,Alisha Franklin,350-83-1458,"19434 Burch Island
North Josephborough, NJ 54022",N,hours
407,Dana Griffin,861-11-6429,"04142 Stout Street
New Christine, CA 60789",N,hours
408,Brenda Moore,707-40-9380,"3652 Jennifer Mountains
Michaelstad, NY 70607",Y,hours
409,Christopher Huffman,037-42-3770,"755 Ramirez View
Stephensview, GU 25849",Y,miles
410,Gabriel Ramos,351-95-9312,"6496 Kristin Forge
Jessicamouth, IN 45262",N,hours
411,Michelle Gray,052-67-0401,"0466 Kaitlyn Mount
Fernandezhaven, GU 85115",N,miles
412,Brenda Meza,623-58-9257,"610 Matthew Road Apt. 684
Ashleychester, IL 60416",N,miles
413,Tony Armstrong,276-68-1519,"6154 Christopher Avenue Suite 902
Craigtown, NM 66251",N,miles
414,Jordan Arellano,121-73-4942,"92100 Davis Lodge
Port Lindsay, CO 57021",N,hours
415,Frank Montoya,181-42-8805,"05880 Thomas Ports
Elizabethhaven, PR 40772",Y,hours
416,Ashley Cunningham,243-04-6962,"USNV Carter
FPO AE 68481",Y,miles
417,Kevin Ward,485-11-8558,"USS Riggs
FPO AE 39069",N,hours
418,Elizabeth Brown,800-80-5762,"5035 Campbell Rapid Apt. 343
Pattersonshire, MI 26122",N,hours
419,Brooke Thomas,765-64-0114,"101 Jones Fall
South Joanbury, VT 13896",N,hours
420,Timothy Miles,120-35-2880,"8610 Johnson Bypass
North Tasha, MD 04345",Y,hours
421,Cindy Hubbard,557-81-9732,"2323 Skinner Plains Suite 651
Rickyview, FM 13295",N,hours
422,Jacqueline Wise,001-97-9832,"USNV Bradley
FPO AE 07269",Y,hours
423,Alyssa Henderson,833-91-7389,"6043 Brown Prairie
Lake Karen, OR 26475",N,miles
424,Kelly Coleman,667-31-0502,"3915 Hart Via
Justinburgh, AZ 47511",N,hours
425,Lauren Ortiz,030-84-3636,"704 Lane Shoals
Port Tasha, MH 26238",N,miles
426,Jessica Spencer,134-28-2210,"6271 John Centers Suite 549
Dorisstad, OK 43658",N,hours
427,Jackson Bass,626-30-1288,"6020 Miranda Street
Port Carolville, PR 23080",N,hours
428,Jamie Woods,517-24-5472,"41412 Robert Corner Suite 678
South Mark, CA 34585",N,hours
429,Lucas Richardson,195-29-8653,"3533 Berg Knolls Suite 121
Robinsonport, WI 85235",Y,miles
430,Micheal Ponce,463-80-3161,"123 Oliver Plains Apt. 950
Andrewtown, IN 26523",N,miles
431,Miguel Neal,239-18-9762,"029 Miller Unions
Gonzalezfurt, WY 13888",N,hours
432,Jessica Franklin,296-20-1058,"USS Garrison
FPO AE 75865",Y,miles
433,Mrs. Jessica Brown MD,038-64-7961,"235 Stokes Mountain
New Tammymouth, SC 07885",N,hours
434,Lisa Garcia,089-92-3356,"993 Elizabeth Squares Apt. 152
South Kristinhaven, FL 33014",Y,hours
435,Ryan Cobb,576-01-9304,"00374 Brittany Keys Apt. 827
Frederickmouth, NC 22970",N,miles
436,Reginald Barajas,466-01-4046,"18595 Frank Crescent Apt. 636
Jessicachester, HI 58006",N,hours
437,Danielle Hernandez,444-99-1602,"PSC 5641, Box 0909
APO AE 87581",N,miles
438,Shelley Simpson,033-72-9693,"883 Nelson Gateway Suite 574
East Maryhaven, PR 47189",N,hours
439,Todd Wilson,575-66-4493,"18082 Gomez Lights
West Ianhaven, FL 61332",Y,hours
440,Kevin Morton,327-27-3589,"841 Obrien Locks
New Robertborough, MN 11611",N,hours
441,Kelly Garcia,188-39-2481,"444 Brian Prairie
Sheilaside, HI 79343",N,hours
442,April Callahan,453-54-5901,"323 Mendoza Throughway
Ryanhaven, GA 98518",Y,hours
443,Elizabeth Leon,676-85-1346,"227 Darrell Common Suite 956
New Anita, SD 10234",N,miles
444,Carol Gonzalez,687-04-4235,"9067 Alexis Road
Bonillafort, NY 88866",N,miles
445,Tommy Reyes,484-51-8994,"4177 Kristopher Pass
Kevinfort, OH 79374",Y,miles
446,Donna Morgan,570-70-0457,"82171 Lee Common
West Bethburgh, CT 44296",N,miles
447,Sara Cabrera PhD,671-81-6627,"876 Thomas Stravenue
East Kimberlyborough, ND 63792",N,miles
448,Kelly Rush,751-99-9422,"USNV Klein
FPO AP 02158",Y,hours
449,Sabrina Martin,808-82-7411,"878 Adam Passage Suite 607
Obrienberg, DC 73241",N,miles
450,Matthew Wright,715-56-0080,"3468 Michael Place Apt. 259
East Michaelland, AS 65158",N,miles
451,Christina Mack,227-35-8437,"960 Amy Ports
New Linda, CA 27454",Y,miles
452,Shawn Allen,696-22-0795,"17423 Cox Park
Port Jennifer, MI 56744",Y,hours
453,Lynn Jackson,427-77-1030,"68809 Rachel Shores Suite 072
Lake Geraldport, IL 56016",N,hours
454,Jose Henderson,436-72-6463,"0529 Robert Course
Normahaven, IA 62906",Y,miles
455,Katherine Peters,723-48-3016,"0958 Riley Hills Apt. 666
Phillipstown, SC 27697",Y,miles
456,Andrew Glover,304-96-6009,"48908 Ali Spurs Apt. 805
Cassandraland, MA 40460",N,hours
457,Michael Walker,884-66-3884,"1953 Justin Groves
East Diane, AR 47196",N,miles
458,Teresa Davis,379-92-1930,"Unit 3295 Box 3745
DPO AA 25747",N,hours
459,Gina Taylor,849-18-7292,"USS Bauer
FPO AP 77883",Y,miles
460,Patrick Hill,005-23-8889,"6346 Johnson Brook
East Elizabeth, NY 30169",N,miles
461,Melissa Morris,168-83-1513,"USNV Jones
FPO AE 28728",Y,hours
462,Brittany Frederick,683-96-1899,"54177 Johnson Orchard Suite 869
Williamsonport, VT 38589",Y,hours
463,Johnny Wilson,084-60-2051,"3934 Williams Summit
Josephton, MO 73879",Y,miles
464,Hayden Flores,104-62-2310,"8007 Davis Rapid Suite 566
Duartemouth, GA 74905",N,miles
465,Tracy Allen,730-89-0299,"9233 Chan Lights
Ericfurt, NC 98882",N,miles
466,Emily Holt,468-66-2407,"37158 Romero Estate Suite 673
Brianberg, VI 60380",N,hours
467,Michael Duffy,424-57-9676,"824 Garcia Alley Apt. 502
New Edward, WA 53280",Y,hours
468,Stephanie Griffin,364-80-2413,"684 Smith Rapid Suite 426
Lake Georgeberg, MH 45391",Y,miles
469,Carl Wilkins,610-77-3768,"146 Michelle Plain Suite 753
North Joshuaton, PA 67608",N,hours
470,Mrs. Christine Stevens DDS,593-90-5263,"95739 Ramos Lock
South Joseph, IL 27579",N,hours
471,Jeffrey Harvey,822-05-6440,"85132 Bradley Mall Apt. 517
Tonyachester, CA 07430",N,miles
472,Robert Lewis,323-93-8287,"65701 Alexander Street Apt. 425
North Kevinport, MN 15368",N,hours
473,Jesse Aguilar,111-65-1510,"324 Wang Fords
Carolmouth, AZ 76459",Y,miles
474,Peter Butler,155-84-4408,"2485 Christian Court
New Roberttown, MI 82757",Y,hours
475,Michelle White,374-03-7823,"2400 Jessica Loaf
East Damonchester, AZ 69839",N,miles
476,Mr. Thomas Garcia,585-20-4648,"83276 Wood Trail
Smithport, AK 59014",N,hours
477,Brian Bowers,553-29-7544,"0925 Preston Highway Suite 835
Jenniferburgh, CA 31509",Y,miles
478,Dwayne Barron,487-31-0061,"11247 Megan Viaduct Apt. 856
Noahside, DC 87813",N,hours
479,Scott Meza,601-60-1326,"3404 Ryan Hill
Port Dannyborough, MI 50863",N,hours
480,Amanda Lynch,403-88-1047,"571 Amanda Bypass
North Brianhaven, MD 09443",Y,miles
481,Kenneth Sanders,081-57-5878,"732 Taylor Forges Suite 231
West Patrickside, MN 11543",Y,hours
482,Emma Hayes,613-14-4574,"91649 Christian Alley
South Derek, OK 64864",N,miles
483,David Curry,151-40-5205,"Unit 4736 Box 2312
DPO AP 66533",N,hours
484,Angela Hoffman,164-58-4934,"9332 James Isle Suite 596
Lake Stevenchester, AL 55972",Y,miles
485,Daniel Rogers,178-52-3082,"500 Green Highway
Michaelberg, VA 18895",N,hours
486,Jeffery Durham,795-13-2177,"9274 Brian Crest Suite 891
Tonishire, CA 01853",N,hours
487,Mary Brown,026-74-1541,"PSC 7649, Box 5525
APO AE 78549",N,miles
488,Susan Harvey,055-77-1080,"9757 Dunn Divide Suite 208
Daymouth, LA 99241",Y,hours
489,Erin Terry,818-83-8964,"58056 Moore Springs
Wilkinsmouth, ND 98214",Y,miles
490,April Valdez,412-96-1755,"306 Donna Radial
Owensfurt, WV 87117",Y,hours
491,Tracy Adkins,417-64-4679,"80895 Reynolds Walk
Dennisview, NE 76048",N,hours
492,Joseph Simpson,179-65-2988,"96106 Garcia Way
Allenside, PR 75015",Y,miles
493,Brendan Green,805-56-4259,"817 Amanda Causeway
South Willieport, FM 65102",Y,miles
494,Gina Stuart,804-27-4203,"PSC 3113, Box 9852
APO AP 18875",Y,miles
495,Krista Keller,531-49-9132,"267 Tiffany Roads
Pamelaborough, PR 09239",N,hours
496,Ernest Chandler,163-91-0234,"49925 Martinez Ridge Apt. 796
East Gregoryfort, CT 31588",N,hours
497,Colleen Douglas,497-98-0851,"85732 Christine Burgs
East Jillside, ND 76556",Y,miles
498,Jennifer Glenn,561-12-9142,"580 Crystal Mountains Apt. 704
Michaelton, VA 31484",Y,miles
499,Christine Williams,788-31-9601,"69021 Leon Canyon Suite 069
Roweburgh, RI 09488",N,hours
500,Jeffrey Gibbs,309-66-0700,"29576 Cochran Island
South Natalie, MP 55705",Y,hours
501,Rachel Wood,099-49-4259,"5943 Smith Mountains
Lake Justin, PR 89571",Y,miles
502,Joseph Rodriguez,814-95-3369,"863 Larry Track
Port Michelle, OK 62784",N,miles
503,Allison Braun,015-56-1206,"PSC 9781, Box 9077
APO AP 66102",Y,miles
504,Catherine Moody,732-83-2165,"49966 Julie Falls Suite 787
South Harry, VA 64627",Y,miles
505,Brianna Small,665-24-6522,"60210 Baxter Rue
East Evanshire, AK 86157",Y,miles
506,Andrew Parker,576-35-1409,"199 Charles Brook
Lake Franktown, MP 04474",Y,hours
507,Anna Farley,696-60-8159,"Unit 2065 Box 1995
DPO AA 80085",N,hours
508,Diane Solis,299-86-5482,"Unit 8243 Box 6725
DPO AA 71420",N,hours
509,Michael Brown,134-43-5412,"PSC 3596, Box 9480
APO AA 18727",Y,hours
510,Joy Rodriguez,044-60-1136,"836 Sara Streets
North Wendy, MS 93975",Y,miles
511,Richard Mills,633-48-2401,"36653 Jackson Squares Apt. 616
Walkerhaven, GU 35375",Y,miles
512,Brandy Cox,144-40-4914,"6439 Victor Fort
New Hannahmouth, TX 19014",N,miles
513,Desiree Cortez,022-78-3884,"1071 Deborah Wells
East Amber, ID 15540",N,miles
514,Jeanne Wallace,011-06-0235,"894 Anna Shore
Rodriguezview, AS 79751",Y,hours
515,Elaine Hawkins,148-63-7414,"2786 Taylor Wells
Chadfort, AL 60550",Y,hours
516,Phillip Thompson,270-05-5393,"700 Brown Turnpike Suite 345
East Olivia, WV 49028",N,hours
517,Jennifer Williams,831-55-3617,"5551 Gibson Pines
Duketown, CO 65021",Y,hours
518,Richard Cannon,804-42-1076,"8059 Hodges Forest Suite 692
North Shannon, VA 36233",Y,hours
519,Kayla Reyes,205-40-9095,"07252 Theresa Mountain Suite 795
Travisfurt, MH 25692",N,miles
520,Hector Ruiz,711-60-0125,"9421 Anthony Street
West Andrea, VT 07303",Y,hours
521,Devin Perry,107-41-3168,"81554 Richards Port Apt. 349
Eatonchester, MI 99464",N,hours
522,Scott Hernandez,443-05-7707,"32845 Peters Vista Suite 711
Paulchester, NJ 02798",N,miles
523,Madison Russell,825-66-5347,"876 Jensen Turnpike Apt. 682
Timothybury, CT 55530",N,hours
524,Charles Sullivan,462-66-2195,"1827 Bradshaw Locks
Lake Larryside, KS 23001",N,miles
525,Jay Gonzalez,687-89-9477,"448 Johnson Brooks Suite 136
Lake Alexander, GA 05900",Y,hours
526,Kevin Hunt,074-68-6905,"285 Lee Lakes Apt. 208
North Erichaven, WA 21204",Y,hours
527,Ronald Ray,659-81-4173,"PSC 7733, Box 2073
APO AA 49618",Y,miles
528,Deborah Rubio,699-30-6189,"35897 Madison Terrace
South Dustinmouth, VA 09808",Y,miles
529,Benjamin Johnson,509-07-4595,"6413 Williams Land
Stevensville, DE 50949",N,hours
530,George Wilson,745-57-3873,"155 Munoz Underpass Apt. 181
East Andreamouth, AZ 08711",Y,hours
531,Christian Smith,829-77-7583,"24463 Deborah Court
West Jenniferborough, VT 10086",N,miles
532,Kevin Smith,469-12-7281,"6425 Davies Junction Suite 959
South Steven, MH 39620",N,hours
533,Elizabeth Oneal,603-75-4152,"932 Kevin Ways
Reneehaven, PA 23754",N,hours
534,Daniel George,849-27-1749,"PSC 5510, Box 3907
APO AE 45317",N,hours
535,Michael White,422-83-5595,"025 Parker Shoals Suite 668
Andrewview, NH 05602",N,hours
536,Michael Taylor,561-11-8596,"38904 Castillo Harbors Apt. 727
Port Jason, DE 91963",N,hours
537,Cheryl Young,823-39-4952,"348 Courtney Spring
Lisaborough, NM 79966",Y,miles
538,Michael Schroeder,830-56-6315,"292 Manning View
Port Allisonmouth, FM 78873",N,hours
539,Sabrina Johnson,764-09-0315,"471 Cook Tunnel
Lake Jacobberg, MO 59906",Y,hours
540,Courtney Green,302-60-8354,"1478 Hawkins Island Apt. 741
Donnaborough, WA 98448",N,miles
541,Elizabeth Wilcox,314-21-0393,"333 Kenneth Point Suite 869
North Melanie, MN 20298",N,hours
542,Steven Blair,055-58-4290,"426 Bryan Vista
Hughesmouth, SC 08650",Y,hours
543,Sherri Fisher,352-94-4090,"7456 Thornton Square Suite 340
Port Morganchester, CT 09040",Y,hours
544,Antonio Fuller,716-08-9450,"24997 Tucker Unions Apt. 846
North Douglasshire, MT 87317",N,hours
545,Edward Nunez,139-73-1525,"3944 Fernandez Turnpike
Freemanchester, HI 93834",Y,miles
546,Jeff Kelly,183-39-3266,"595 Timothy Viaduct
South Jaredmouth, NH 56103",Y,hours
547,Michael Hill,709-03-4215,"29192 Hernandez Circles
Carolynfort, AL 30858",Y,hours
548,Jeffery Cook,722-47-9912,"426 Ashley Loop
East Melissafort, NJ 26073",Y,hours
549,Cory Conner,495-84-0293,"Unit 3873 Box 6756
DPO AE 24424",N,miles
550,Joseph Reyes,373-26-3912,"3470 Wilson Freeway
Port John, LA 82711",Y,miles
551,Robin Roach,251-86-1088,"32197 Troy Estates
Lake William, NE 94002",Y,hours
552,Brandi Ortega,803-23-1399,"USNV Brown
FPO AP 53521",N,hours
553,Sarah Marquez,615-72-0636,"USNS Turner
FPO AP 19981",N,miles
554,Heather Davis,895-24-9247,"779 Armstrong Path Suite 687
New Jenniferburgh, MP 39522",N,miles
555,Mario Butler,584-98-4053,"313 Charles Green Apt. 741
North Robert, OR 76181",Y,miles
556,Jake Brown,851-24-6419,"8502 Julian Harbors
Jenniferbury, LA 33294",Y,miles
557,John Thompson,094-32-2983,"5222 Sanders Groves Apt. 681
South Kristinaside, KS 28827",Y,miles
558,Diane Mendoza,485-07-4101,"6020 Williams Turnpike
Julieland, GU 95311",N,hours
559,Alexis Larsen,247-97-2709,"44854 Hampton Roads
East April, PR 36735",N,miles
560,Kendra Hernandez,616-46-2060,"514 Simmons Crossing
West Brian, MN 07504",N,miles
561,Adrian Banks,323-86-9950,"67833 Megan Drives
Leefort, AZ 43695",Y,hours
562,Travis Stewart,277-10-8897,"2767 Ryan Mall
Kellyville, OR 69925",N,hours
563,Diane Cox,099-05-6233,"627 Meghan Port
Carsonbury, GA 10744",N,miles
564,Faith Figueroa,647-96-7584,"41012 Rodgers Forge Suite 783
Seanchester, TN 90255",Y,hours
565,Mathew Harris,748-21-0128,"2815 Cheryl Cliff Suite 847
New Brettfurt, PA 10180",N,hours
566,Joseph Jensen,712-32-1203,"9490 Tucker Stravenue
South Taramouth, MN 44251",Y,miles
567,Brenda Osborne,574-57-3861,"04134 Brown Landing
East Jessica, AL 59240",Y,hours
568,Erika Collins,525-12-0311,"96194 Wright Common Apt. 323
South Vickie, TX 72035",Y,miles
569,Marc Nguyen,187-02-4273,"19194 Paul Fork
South Davidhaven, KY 83259",Y,miles
570,Meghan Ramirez,218-96-4282,"3605 Brent Landing
Katherinebury, GU 79280",N,hours
571,Tara Fitzgerald,427-71-0954,"4935 Allison Rest
Port Jessica, TX 37441",Y,miles
572,Elijah Baker,100-34-9836,"283 John Street
North Carrieshire, OR 68527",Y,hours
573,Elizabeth Parker,531-73-6982,"331 Graham Unions Suite 203
Richardhaven, OH 62830",N,miles
574,Deanna Jones,245-05-3300,"92567 Lopez Centers
Huntermouth, OK 44288",N,hours
575,Rachel Murphy,111-65-6726,"8431 Jessica Burgs
South Charlestown, MD 16686",N,miles
576,Lisa Perry,202-45-8867,"9830 Kimberly Islands Apt. 191
Adamsland, AL 69196",Y,hours
577,Alicia Floyd,601-47-1578,"11414 Flores Wells
West Kevin, IA 63871",Y,hours
578,Sandra Salazar,423-37-6923,"3535 Sabrina Glens Suite 469
North Christina, ND 93098",N,miles
579,Christine Jackson,416-15-5689,"905 David Valley Suite 553
Ashleybury, WV 22922",N,hours
580,Karen Hart,498-55-2221,"766 Brenda Lake
East Raymond, MO 52974",Y,miles
581,Katherine Wagner,484-82-6303,"08941 Erik Rapid
Pattersonfurt, IN 84490",Y,hours
582,Sophia Li,787-41-4249,"376 Stephen Manor Suite 783
Port Brent, IA 87726",N,miles
583,Anne Jackson,253-61-1155,"4343 Nicholas Pass Suite 363
Drakehaven, PR 87045",N,hours
584,John Rivera,587-48-6780,"921 Heidi Meadow
Charlesland, MO 01353",N,miles
585,Michael Duncan,897-70-4733,"650 Williams Court
Lowemouth, ND 49896",N,miles
586,Lindsey Martin,536-45-8144,"648 Horn Rapids Suite 978
Josephborough, AR 82022",Y,hours
587,Daniel Blake,232-21-2675,"133 Thomas Mill
West Luis, MP 48038",N,hours
588,Mrs. Kimberly Morton,206-57-6005,"990 Laura Mission
West Michaelfort, KY 81662",N,hours
589,Nancy Thompson,700-85-3358,"1388 Paula Drive Apt. 872
Lake Sara, IA 16611",N,hours
590,Justin Kelley,420-69-0628,"34159 Sanchez Ranch Apt. 341
East Ashley, FM 46631",Y,miles
591,Gabriel Smith,295-97-7051,"2791 Ian Villages
South Dawn, ND 99336",N,hours
592,Tammie Howard,421-25-6196,"562 Newton Motorway
New Kristinville, MI 77619",Y,miles
593,Zachary Contreras,717-56-7997,"Unit 2906 Box 3036
DPO AP 78639",Y,miles
594,James Rogers,793-68-9243,"16913 John Crossing
Bennettmouth, WI 75039",N,hours
595,Michael Thompson,667-95-8063,"13532 Calderon Underpass Suite 662
West Ashley, MA 72185",N,hours
596,Alexander Hernandez,012-07-7939,"8874 Guerrero Well
Port Sara, CT 36157",N,hours
597,Derek Jacobson DDS,290-92-4517,"3867 Diaz Dam Suite 694
Dawnshire, UT 12549",N,hours
598,Dana Short,272-86-9308,"632 George Ways
South Chase, IN 28201",N,miles
599,Edward Martin,439-20-9486,"3750 Thompson Neck Apt. 325
New Ernesthaven, LA 34407",N,hours
600,Mrs. Nicole Everett,430-77-2050,"9786 Le Grove
Lebury, CO 83078",N,hours
601,Deborah Gilbert,574-84-2288,"7691 Aimee Ridges Apt. 423
Loriborough, CA 41407",Y,miles
602,Michelle Stewart,009-78-0830,"860 Cole Forge
North Johnhaven, VA 67090",N,miles
603,Jodi Collins,490-15-1524,"103 Jessica Ford Suite 798
Aguilarchester, AL 73727",Y,hours
604,Victoria Graham,165-50-6786,"918 Peters Ridges
Jonesbury, UT 10831",N,hours
605,James Mathis,871-17-4034,"54686 Gonzalez Islands Suite 194
Lake Kristen, ME 98242",N,miles
606,Lindsey Levine,747-63-6919,"688 Hernandez Shoal
Cunninghamfurt, MS 73778",Y,hours
607,Edward Brooks,435-15-7646,"3937 Xavier Square
New Stacy, CT 86961",Y,hours
608,Brian Martin,601-68-2502,"75906 Samantha Spring
Port Ryanfurt, HI 15147",Y,miles
609,Michelle Montgomery,391-47-2772,"32678 Smith Cliffs
Port Cynthiaburgh, KY 97212",Y,hours
610,Robyn Petty,426-91-5402,"9132 John Forest Suite 512
Nguyenmouth, ND 37450",N,miles
611,Ronald Ruiz,825-31-3988,"9243 Baldwin Meadow Apt. 835
Lake Michaelmouth, LA 07212",Y,hours
612,Timothy Alvarez,282-97-4561,"71106 Nicholas Brook
Kellyland, LA 85163",N,hours
613,Steven Smith,236-32-7105,"39532 Jacqueline Hollow Suite 273
Cummingstown, ND 43997",Y,hours
614,William Gonzalez,624-10-7769,"0745 Robinson Corner Suite 273
Brookeshire, ID 31230",Y,miles
615,Lisa Pena,378-32-5579,"7237 Davis Hill
Port Gary, GA 33935",N,miles
616,Jamie Henderson,091-50-0139,"004 Tyler Islands Suite 672
Wadeshire, SD 43780",N,hours
617,Alejandra Chapman,885-62-7974,"18839 Mary Cliffs Apt. 390
Thompsonport, AL 08875",Y,miles
618,Pamela West,310-12-4987,"PSC 3415, Box 8309
APO AP 47763",N,miles
619,Nicholas Brewer,136-69-6518,"847 Travis Drive
Carpenterland, ND 54990",Y,hours
620,Michelle Holmes,727-25-5938,"540 Ryan Crossing
Wagnerside, MT 13317",Y,hours
621,Timothy Johnston,493-53-2558,"860 Jasmin Wall
Alanview, ID 02352",Y,hours
622,Jenny Osborne,710-46-8416,"009 Michelle Extensions Suite 979
North Heatherhaven, SD 80358",Y,miles
623,Molly Flynn,190-84-6622,"344 Zimmerman Grove
Cochranborough, NH 73916",Y,hours
624,Patricia Higgins,440-12-7834,"1758 Heather Point
Port Anthonychester, NM 81023",Y,hours
625,Kenneth Porter,157-64-0358,"85893 Dawn Turnpike Suite 730
Russellview, OH 54702",Y,miles
626,Wayne Chase,425-44-1656,"PSC 5606, Box 7350
APO AA 60145",N,miles
627,Cory Hines,228-24-7414,"4308 Mcneil Lodge Suite 161
Lake Victoriamouth, AR 35113",Y,hours
628,Timothy Mitchell,860-32-5504,"339 Carroll Centers Apt. 573
Derekberg, GU 58797",Y,hours
629,Norma Cruz,522-86-2229,"1189 Macdonald Burgs Apt. 630
Christopherview, MS 36224",N,miles
630,David Daniels,441-67-8992,"39448 Cunningham Hollow
East Wendymouth, TN 39834",N,miles
631,Samantha Mccall,878-31-0492,"58252 Kayla Cove Suite 184
Port Peter, PW 01725",N,hours
632,Bridget Kaiser,315-15-6550,"70439 Calderon Harbor Apt. 504
Moodyberg, UT 94381",Y,miles
633,Brian Perez,788-01-7605,"19285 Yang Circles
Adamsshire, CA 68822",Y,miles
634,Kelly French,325-69-2943,"7924 Carr Island
Port Drew, IL 89063",N,miles
635,Richard Brady,457-27-9865,"013 Kathy Hills Suite 241
Christineside, CT 21071",Y,miles
636,Sarah Hall,276-11-3304,"7831 Gonzalez Cape
Hillfort, AZ 00867",Y,miles
637,Matthew Hale,672-63-6608,"5269 Mark Harbor Apt. 639
Jenniferport, ND 43687",Y,miles
638,Sarah Moore,168-41-4684,"1705 Garcia Pike Suite 309
Lake Tracy, KS 54615",N,miles
639,Amber Mann,281-39-9296,"55241 Kim Valleys Apt. 296
West Peter, MI 38140",Y,miles
640,Anthony Walter,416-61-0197,"657 James Road
North Zachary, VT 90874",N,miles
641,James Cook,833-18-1340,"4814 Stephen Curve
North Jonathan, KS 76340",N,miles
642,Jacob Orozco,262-24-2187,"76532 Monica Estates Suite 919
Matthewstad, AK 48357",N,hours
643,Jeffrey Kramer,464-14-3423,"643 Banks Lights
Michaelland, NC 59504",N,hours
644,Kimberly Bowen,286-19-9869,"6031 Hernandez Expressway Suite 566
Jillside, VA 60073",N,miles
645,Dr. Mary Macias,415-53-0458,"Unit 7616 Box 9495
DPO AP 20310",Y,miles
646,Scott Hicks,591-18-4227,"PSC 4739, Box 5970
APO AA 28178",Y,miles
647,Michele Bell,122-23-9535,"84184 Pierce Station Apt. 711
South Barbaraborough, IN 57262",Y,miles
648,Charles Nunez,449-10-7891,"47300 Daniel Track
Rosston, IN 43695",Y,hours
649,Cassandra Hoffman,457-52-9691,"PSC 2289, Box 3587
APO AA 02042",Y,hours
650,Katie Shelton,088-69-8180,"1640 Keith Flats Suite 478
New Michelleborough, MH 11675",Y,miles
651,John White,504-48-8297,"34734 Abbott Manors Apt. 844
Robinsonhaven, LA 39923",Y,hours
652,Gregory Vazquez,361-01-7057,"Unit 9201 Box 0240
DPO AP 76907",Y,hours
653,Kenneth Wright,190-75-0134,"646 John Villages
Kennethport, PW 13974",N,miles
654,Chelsea Smith,019-27-0298,"85516 Snyder Corners Apt. 599
Port Reginaldberg, DE 35438",N,miles
655,Faith Underwood,174-15-7767,"12048 Barnett Center Apt. 043
Schmittside, ID 57301",N,miles
656,Nicholas Oconnor,863-88-7885,"32320 Deleon Causeway
West Douglasburgh, GA 68544",Y,miles
657,Tonya Jackson,520-83-0621,"47981 Michelle Lights
Brentshire, MA 78896",N,miles
658,Matthew Deleon,319-46-8103,"4076 Simpson Radial Apt. 812
East Breannaport, CA 88610",Y,hours
659,Justin Turner,887-02-1339,"27802 Holland Fall Apt. 177
Ericview, PW 86939",Y,miles
660,Justin Davis,397-68-7563,"9070 Martin Key Suite 823
New Christopherport, OH 16834",Y,hours
661,Taylor Pope,494-94-1511,"173 Edwards Mall
Port Nancyshire, NC 57515",N,hours
662,Mary Clark,173-43-9701,"3081 Brian Divide
Laurenfurt, AL 59396",N,miles
663,Joshua Simpson,133-85-8264,"67536 Nichols Creek Suite 269
Lake Katie, MA 33257",Y,miles
664,Jennifer Schneider,570-92-6631,"83804 Robert Junctions Apt. 745
Garybury, TX 74337",Y,miles
665,Cindy Lewis,702-28-1266,"Unit 9822 Box 0985
DPO AP 23102",Y,miles
666,Ethan Taylor,083-52-2826,"80962 Fuentes Turnpike Suite 725
Mooreton, PW 02824",N,hours
667,Mary Burgess,575-88-3456,"38552 Nelson Curve
Lake Hannah, DC 54648",N,hours
668,Brenda Lawson,172-75-7318,"457 Katherine Mission Suite 092
Port Courtneymouth, LA 28953",N,hours
669,Brianna Hardin,586-57-3192,"277 Peterson Street
West Victoria, AS 26612",Y,hours
670,Carla Irwin,179-08-3924,"48875 Kimberly Lake
West Sierraberg, NV 24938",N,miles
671,Steven Thomas,116-61-8488,"879 Stewart Falls
North Brendaborough, OH 44375",Y,hours
672,Jeffrey Burton,241-97-9192,"398 Morse Gateway
Youngberg, NY 09637",Y,miles
673,April Reed,177-32-7520,"345 Kyle Inlet
North Michael, NM 57379",Y,miles
674,Shannon Hubbard,198-52-4634,"14222 Amanda Radial
East Patricia, ND 68370",Y,miles
675,Krystal Lawrence,271-09-8245,"60099 Bass Corners
South Eugeneborough, AS 23937",N,hours
676,John Lynch,713-93-4636,"487 James Ramp Suite 620
North Codyshire, MS 46405",N,miles
677,Jasmine Parks,012-89-5813,"4718 Flynn Manor
Lawrenceton, FM 48711",N,miles
678,Maria Hunter,283-41-0461,"9623 Stone Ranch
Lunaborough, WI 72651",Y,miles
679,Susan Knight,826-89-8622,"30383 Knapp Overpass Suite 935
Rodriguezmouth, SD 93177",Y,hours
680,Nicholas Duran,016-33-5768,"04355 Brooke Center
Angelton, OR 42434",Y,hours
681,Lori Munoz,696-10-9155,"749 Orr Park
East Ianfurt, PR 27115",N,miles
682,Marie Murphy,626-05-3024,"78927 Johnson Landing Apt. 637
North Kevinview, NV 99073",Y,miles
683,Sarah Lowe,755-29-8435,"271 Colin Circles Suite 673
Pamelaport, NE 88761",Y,hours
684,April Flores,530-82-8740,"423 Kimberly Mountains
Port Tonystad, ND 95408",Y,hours
685,Kim Lopez,021-03-7468,"327 Jonathan Fork
New James, MO 14508",N,miles
686,Erika Rodriguez,319-68-0649,"10101 Tammy Villages
Johnathanburgh, WA 18571",N,miles
687,Robert Hurley,004-77-5788,"6346 Derek Square
New Melaniestad, AS 97952",Y,miles
688,Richard Ramsey,897-91-5532,"94565 Tanya Knolls Suite 024
Lake Saraside, NC 60474",Y,hours
689,Michael Griffin,310-63-6999,"59318 Lynn Square Suite 878
Lake Kyle, NH 84572",N,miles
690,John Ray,788-19-8081,"7842 Lloyd Point
New Sandymouth, TX 53945",Y,miles
691,Caroline Schneider,679-44-8897,"9743 David Points
Smithstad, CA 38640",N,hours
692,Stephanie Howell,544-84-2185,"08541 Wilson Highway Apt. 821
Roachmouth, AZ 58812",Y,miles
693,Natalie Greene,534-78-5521,"31385 Scott Spring Suite 874
Schmittstad, IN 40140",Y,hours
694,Jennifer Pena,003-18-4087,"3854 Salas Ferry
Aimeemouth, VI 20565",Y,miles
695,Kristin Kelly,221-49-6349,"93079 Park Spurs
Saraview, TX 85595",N,hours
696,Brad Scott,534-13-5384,"PSC 8007, Box 9390
APO AA 82152",N,hours
697,Michelle Johnson,362-06-4510,"090 White Valleys Apt. 827
Kathrynville, NC 96333",Y,miles
698,Sandra Taylor,520-96-0983,"595 Jennifer Rapid Apt. 998
Alexisland, NJ 15581",Y,miles
699,Janice Gardner,453-06-3707,"2645 Gross Tunnel Apt. 069
North Lauren, FL 34902",Y,hours
700,Leah Payne,222-63-0956,"7318 Williams Ways
West Gwendolynchester, OH 22010",N,miles
701,Jason Hurley,631-90-2577,"14048 Denise Forge Apt. 449
Lewisberg, CA 54644",N,hours
702,Kristi Ferguson,180-23-4548,"81725 Mendez Flats
West Carlyshire, MI 07100",Y,miles
703,Erica Jimenez,676-47-6554,"247 Bailey Ranch Apt. 375
North Daniel, IL 27487",N,miles
704,Mrs. Lisa Kelley,703-21-6409,"9461 Mark Alley Suite 788
Port Christopherborough, UT 89386",Y,miles
705,Jesse Moody,359-05-7654,"685 Rhodes Trail
Johnsonton, HI 98210",Y,miles
706,Leah Martin,668-86-7768,"226 Jenkins Grove Apt. 370
West Jeanettemouth, MD 16880",Y,miles
707,Brianna Shaffer,046-31-9783,"20776 Regina Corners Suite 831
South Hannah, FL 22561",Y,miles
708,James Martin,716-18-3058,"850 Kevin River Apt. 224
East Jacquelinemouth, AL 18744",Y,miles
709,Andrea Valentine,225-96-8400,"46707 Moreno Neck Suite 738
Andrewville, IN 97269",N,miles
710,Casey Rivera,159-14-1690,"89464 Barr Pines
Larryland, HI 29515",Y,miles
711,Kathy Wright,521-77-3709,"8605 Lonnie Village
Ronaldfort, MS 89815",N,miles
712,Brandi Marks,070-91-7410,"28841 Montgomery Loaf Suite 663
Wattsview, DC 70191",Y,hours
713,Jennifer Schroeder,418-75-9182,"319 Garrett Drives
Pricestad, IA 28133",Y,miles
714,Natasha Jackson,315-12-2491,"58485 Gray Inlet Suite 975
Timothystad, SD 08895",Y,miles
715,Kelly Lindsey,648-17-5386,"365 Sparks Shoal
West Jamesmouth, KY 18083",Y,miles
716,Lisa Fowler,177-05-4583,"9632 Cook Meadow
East Kenneth, FM 21883",Y,miles
717,Francisco Galvan,165-62-5984,"65116 Nathan Junction Apt. 535
Chadview, MN 07198",Y,hours
718,Tracy Lynch,195-01-6008,"PSC 3417, Box 3190
APO AA 74388",N,miles
719,Kevin Robinson,316-97-6152,"0312 King Island Suite 983
Warnerfurt, TN 47214",Y,hours
720,Crystal Rodriguez MD,490-30-6696,"713 Cruz Ways
Leefurt, NE 99808",N,hours
721,Ricardo Brown,236-50-6102,"2196 Ellis Park Suite 257
Lisamouth, IN 76884",N,miles
722,Kaitlyn Becker,837-84-0984,"91942 Savage Plains Suite 217
Travisshire, IN 41598",Y,miles
723,Jared Patterson,684-81-9213,"254 Carl Hill
Tonibury, PA 03632",N,hours
724,Derek Stewart,005-81-3425,"74540 Frank Ridge
South Ashleyburgh, FL 55705",Y,hours
725,Jason Bell,240-25-1202,"22393 Micheal Springs
East Davidburgh, ID 77727",Y,hours
726,Melanie Jones,889-23-7956,"543 Livingston Bridge
West Cory, LA 08253",N,hours
727,Michael Hays,192-24-3540,"30115 Jerry Skyway Apt. 548
New Tristanview, ND 25891",N,hours
728,Melissa Mcclure,640-12-0553,"6318 Brian Stravenue
East Shelly, AR 32593",Y,hours
729,Allen Bell,597-14-3043,"593 James Rest Suite 228
South Fernandofort, ID 26816",N,hours
730,Jeffery Hill,134-69-1275,"Unit 1318 Box 2502
DPO AE 62441",Y,hours
731,Jason Smith,222-23-5378,"PSC 2997, Box 7061
APO AE 82242",Y,miles
732,Jerry Walters,085-62-7366,"59441 Foster Hills
Romanview, ID 28419",N,hours
733,Thomas Blake,699-58-1383,"8380 Gibbs Causeway
North Jerrybury, VT 50501",Y,miles
734,Brenda Chen,477-36-4446,"02196 Wright Junction Suite 601
East Destiny, NV 56090",N,hours
735,Stephanie Baker,384-10-7831,"Unit 1795 Box 3473
DPO AA 31298",N,miles
736,Alison Mcdaniel,123-17-7283,"07061 Harris Station
Williamburgh, AK 97748",Y,hours
737,Michael Church,464-22-0766,"73520 Arellano Forges Apt. 278
South Stephanie, ND 00587",N,miles
738,Dean Sullivan,852-97-3695,"Unit 6455 Box 9545
DPO AP 39872",Y,hours
739,David Smith,152-61-6727,"PSC 9957, Box 6587
APO AA 85838",Y,hours
740,Hannah Cummings MD,010-47-3225,"USS Adams
FPO AP 63023",Y,miles
741,Dana Collins,603-65-8265,"61192 Peters Court
East Gina, WA 54671",N,miles
742,Amy Edwards,283-97-5704,"808 Megan Flat Apt. 510
Dawnton, AS 68616",Y,hours
743,Michael Rowland,130-02-2928,"26102 Peterson Trail Suite 162
East Curtisside, MO 40789",Y,hours
744,Teresa Fuller,812-02-3943,"8540 Hendricks Greens
New Danielmouth, OR 82109",Y,hours
745,Samuel Hansen,405-45-0164,"0191 Moore Inlet Suite 428
Benderport, NJ 74805",N,hours
746,Karen Wilson,122-82-1277,"2846 Edward Union Suite 522
Whitebury, CO 97156",N,hours
747,Micheal Castaneda,897-31-3198,"778 Moore Throughway
Brownfurt, IA 02679",N,hours
748,Jason Lewis MD,071-32-0586,"5221 Esparza Mountains
Mariaborough, PA 00945",Y,miles
749,Adam Jones,801-28-2964,"66656 Bailey Bridge
East Wendy, VA 57951",Y,hours
750,Tiffany Fernandez,687-84-4630,"2872 Barton Pine
North Amy, WI 40986",Y,miles
751,John Rodriguez,766-40-0306,"6961 Glover Dam Suite 001
Munozchester, MO 54146",N,miles
752,Jamie Byrd,144-36-7039,"5520 Bryan Estates Apt. 339
Robertview, MO 22045",Y,hours
753,Nicole Richardson,482-51-9588,"414 Jonathan Coves Apt. 732
Padillafurt, DC 76982",N,hours
754,Cheryl Carter,467-74-7220,"065 Anderson Keys
Mooreland, NM 61979",N,miles
755,Patricia Castro,203-31-5634,"8380 James Corners Suite 906
Mossburgh, MI 16091",Y,miles
756,Grace Alvarez,577-32-7845,"PSC 7301, Box 5516
APO AP 50218",N,hours
757,Keith Dawson,564-71-8076,"538 Krystal Route
New Heathertown, NM 62801",Y,miles
758,William Davidson,549-98-9957,"10459 Taylor Bridge Suite 752
East Miguelshire, ND 63543",N,hours
759,Dr. Brianna Terry DDS,618-62-4906,"86620 Tamara Mount Suite 442
Port Jennifer, WA 78603",N,miles
760,Rita Garza,325-01-6945,"388 Ortiz Roads
South Gabrielle, NM 93889",N,miles
761,Darren Walker,114-28-4253,"073 Allen Place Apt. 193
Crawfordberg, AZ 58367",N,hours
762,Samantha Townsend,724-26-8805,"136 Jennifer Mountains Suite 211
Joshuachester, VI 45341",N,hours
763,Jason Juarez,278-28-1559,"7408 Rodriguez Springs
Port Tyronemouth, OH 51480",N,hours
764,Jorge Gross,043-21-2336,"PSC 3157, Box 4387
APO AP 49128",Y,hours
765,Kathleen Reyes,044-24-5065,"99307 Tina Falls
Salinasville, PW 80264",N,miles
766,Rachel Lucas,592-97-4519,"9979 Thomas Squares Suite 598
Timothyside, IN 58956",Y,hours
767,Mr. Matthew Kane,734-22-3203,"2718 Green Fields Apt. 633
West Randy, WI 12786",Y,hours
768,Mary Garza,361-36-9957,"626 Turner Canyon Apt. 670
Hansenport, AR 86343",N,hours
769,Ryan Anderson,094-49-1008,"160 Matthew Port Apt. 383
Jensenmouth, AK 55020",N,hours
770,Mr. Robert Martinez,524-95-0817,"57654 Rose Springs Suite 903
Keithton, VA 42048",N,hours
771,Chelsea Daniels,792-06-2389,"50099 Amy Rapid Apt. 336
Taylorview, OH 46974",Y,hours
772,Stephen Johnson,505-95-3137,"3438 Woodward Coves Suite 753
North Marvin, MN 63656",N,hours
773,Anna Mitchell,815-68-0718,"9939 Tiffany Radial Apt. 447
North David, IL 85502",Y,hours
774,Ronald Reed,648-58-1100,"574 Jones Drives Apt. 605
Andrewtown, KY 42646",N,miles
775,Jorge Roberts,716-06-0549,"9665 Janet Village
New Kent, PR 30411",Y,hours
776,Bruce Perkins,477-10-6595,"PSC 8272, Box 8134
APO AP 71730",Y,miles
777,Dana Perry,150-99-4717,"104 Jackson Knolls Apt. 571
Anneside, MI 66542",Y,miles
778,Joshua Hill,047-21-7818,"29795 Michelle Corners Suite 186
South Adam, IN 22411",Y,hours
779,Jeffrey Goodman,629-52-2310,"322 Wong Neck Apt. 061
New Patrickburgh, WA 79218",N,miles
780,Emily Spencer,751-82-7345,"8672 Robert Summit Suite 124
Lake Nathanhaven, MD 93625",N,hours
781,Joshua Williamson,542-16-8612,"913 Wayne Course Suite 493
Browningmouth, NC 34438",Y,miles
782,Michael Mullen,469-13-5863,"925 Ruth Land Suite 339
Smithfurt, WI 34909",Y,hours
783,Tyler Moore,270-22-1768,"PSC 5211, Box 7262
APO AE 22909",Y,miles
784,Ryan Schmidt,691-30-5921,"38401 Solis Rest
North Shelleyfurt, LA 91321",N,hours
785,Rebecca Allen,162-86-9255,"0060 Conley Branch
Velazquezmouth, OH 56516",Y,hours
786,Wayne Brown,394-68-1133,"5889 Sarah Crossing
Wuchester, OK 19713",Y,hours
787,Christopher Mclaughlin,117-88-7726,"1899 Stone Key
Turnerport, SC 35190",Y,miles
788,Justin Butler,646-73-5781,"Unit 5678 Box 2407
DPO AA 24865",N,miles
789,Richard Davidson,605-68-7531,"80011 Kelly Flat Suite 351
Robertsonport, NC 32524",Y,miles
790,Mary Kim,847-44-6573,"86235 Nichols Lights Suite 021
Wheelerbury, CT 21428",Y,hours
791,Dwayne Snyder,499-78-9782,"35179 Michelle Ports
Blackwellview, MP 05805",Y,miles
792,Victoria Evans DDS,334-42-4994,"077 Derrick Brook
North Thomasbury, SD 90965",Y,hours
793,Tamara Smith,111-46-2376,"588 Ashley Track Suite 429
Alexanderbury, VI 83892",N,miles
794,Robert Mahoney,617-77-5260,"1546 Lowe Junctions Suite 906
Mcmillanshire, MI 50091",Y,hours
795,Paul Hart,747-81-4658,"74786 Jessica Extensions Apt. 676
Kington, PR 71835",Y,miles
796,Stephen Torres,804-03-0058,"183 Diana Greens Apt. 271
Zhangland, IL 39598",N,hours
797,Steven Kelley,201-31-5179,"8489 Eric Common
New Marciabury, MD 48614",N,hours
798,Maurice Meyer,550-64-1982,"4999 Rodriguez Loaf
Cynthiaburgh, KY 79503",N,hours
799,Mrs. Marissa Cochran,599-19-1060,"9304 Megan Island Apt. 094
Lake Johnhaven, VT 70049",N,hours
800,Jennifer Robinson,754-25-9606,"28592 Teresa Drive Apt. 274
Lake Toddport, IN 57224",Y,hours
801,Tammy Meza,349-03-2599,"512 Patel Neck
West Alexisville, PR 80766",Y,hours
802,David Tran MD,007-64-2026,"3740 Ethan Track Apt. 872
Hensonborough, WV 88534",N,miles
803,Kelly Perez,482-38-6309,"65753 Simmons Bypass Suite 120
Robertsonside, NH 02071",N,hours
804,Stephen Watson,662-74-2366,"6465 Johnson Mission Suite 352
Christinashire, MS 55520",N,miles
805,James Braun,419-58-2655,"990 Rodney Prairie
Brendahaven, WY 24315",N,hours
806,Susan Thompson,859-56-5650,"18013 Paul Freeway Suite 514
Debraton, OH 40120",N,hours
807,Linda Taylor,190-03-6821,"457 Eric Corners Apt. 304
Sotobury, KY 53467",Y,hours
808,David Wood,049-30-9321,"7871 John Falls Apt. 419
Tonimouth, HI 99910",N,miles
809,Alexander Wolf,643-71-8732,"58466 Martin Canyon Apt. 416
Debbiemouth, UT 32477",N,hours
810,Isabella Thomas,008-58-2255,"02640 David Forks
Bryantport, IN 55987",Y,miles
811,Jeffrey Brown,493-30-7957,"58583 Randy Field Suite 816
Adammouth, FL 83171",N,miles
812,Christy King,117-08-9517,"00816 Jacob Ranch Suite 454
North Matthew, PR 05143",N,miles
813,Sergio Gomez,568-46-5619,"86378 Fuller Light
Chelseatown, CT 31976",Y,hours
814,Dana Nichols,809-67-3922,"PSC 9118, Box 8885
APO AE 16004",Y,hours
815,Debbie Lopez,699-19-6675,"Unit 5536 Box 2634
DPO AA 33510",Y,miles
816,Angela Garcia,831-05-9467,"297 John Vista Suite 012
Lake Michelleborough, RI 42740",N,miles
817,Jade Clay,710-98-1341,"659 Brittany Mountain Suite 081
Leonardfort, NE 10899",N,miles
818,Melissa Martin,214-83-8998,"380 Kevin Route Apt. 478
Lake Tracymouth, PW 43114",N,hours
819,Roger Cooper,142-85-4538,"573 Nicole Ranch Suite 310
Hessport, AS 21286",N,miles
820,Margaret Mora,497-40-8081,"767 Brian Club Apt. 614
Lake Jeffreytown, MI 42972",Y,hours
821,Charles Hoffman,114-50-6905,"621 Mccoy Center
Wernerburgh, MH 35165",Y,miles
822,Yolanda Mcconnell,857-68-1814,"USNV Sanchez
FPO AE 30626",Y,miles
823,Dr. Michael Mason,206-11-4748,"32112 Rachel Port Apt. 564
New Steven, VI 55388",Y,miles
824,Monique Cooper,608-13-5036,"344 Alexa Crest Suite 296
Ramosmouth, FL 51324",N,hours
825,Deborah Marks,277-36-5663,"63546 Matthew Motorway Suite 211
West Keith, NC 36856",N,hours
826,Douglas Kim,637-87-2777,"8634 Barker Junctions
Leeton, TX 25068",Y,miles
827,Victoria Peters,550-87-9319,"Unit 6963 Box 8226
DPO AP 50325",Y,miles
828,Pamela Wilson,201-28-9706,"115 May Parkways
Millerfort, VT 29528",Y,miles
829,Jonathan Hale,677-46-5071,"457 Ayers Plains Suite 966
North Mark, NM 05661",N,hours
830,Kayla Whitehead,749-52-7932,"41625 Mark Radial
East Vickie, PW 73806",N,miles
831,Kevin Rosales,596-20-4311,"142 Ray Mount Suite 840
Lake Tammy, ID 97618",N,hours
832,Lisa Hudson,846-64-9753,"24150 Pennington Hill
East Sarahview, NH 62060",Y,hours
833,Tara Mccarthy,054-26-9667,"6308 Joseph Plaza
East Christopherview, KS 47196",N,miles
834,Christopher Greene,668-81-0842,"19116 Linda Plains
Hardinbury, OR 84837",Y,miles
835,Stacey Norton,109-83-8334,"5425 Taylor Forge
East Rebeccamouth, VT 31094",Y,miles
836,James Keller III,180-79-0944,"144 Samuel Square Apt. 157
Rebeccabury, ME 29158",N,hours
837,Stephen Banks,653-52-0676,"562 Harris Ramp Suite 655
Thompsonberg, ID 75253",Y,miles
838,Marie Green,160-77-9318,"48182 Jessica Crossroad
New Debrahaven, WA 99664",N,miles
839,Emily Lopez,587-66-0599,"82251 Suzanne Gardens Apt. 486
East Williammouth, AK 34049",N,hours
840,Kaitlin Cruz,395-97-5035,"845 Foster Dam
Michaelborough, CA 32851",Y,miles
841,Teresa Hall,728-53-2120,"288 Roberts Ferry
Elizabethton, OH 98931",N,hours
842,Jonathan Collins,104-65-3576,"4996 Amber Bypass Suite 824
Townsendland, MI 85781",N,hours
843,Joseph Carlson,876-24-0062,"USNS Day
FPO AA 12213",Y,miles
844,Nathaniel Marquez,009-75-1894,"9273 Clements Court Suite 434
Port Amy, PR 84066",Y,miles
845,Kim Fernandez,394-67-6208,"907 Christopher Fort Apt. 009
Foxborough, MP 80373",N,miles
846,Kelly Smith,135-03-3731,"39220 Henson Drives
Port Nicole, NH 02481",Y,miles
847,Brian Taylor,779-12-8614,"605 Arthur Wells Suite 535
Port Sharon, WI 38030",N,miles
848,Lucas Lewis,084-33-1616,"78129 Donaldson Mill
Antonioside, IN 09423",N,hours
849,Kristen Russell,851-09-6216,"22733 Nicole Road Suite 681
Donnamouth, WY 95622",Y,miles
850,Tiffany Moyer,087-88-0330,"1520 Ian Lodge
East Melissa, SC 28989",N,hours
851,Casey Pratt,098-87-0264,"91894 Stacey Brook Apt. 181
Zacharyfort, CT 66662",Y,hours
852,Nicholas Lyons,310-96-9201,"24940 Brown Glen Suite 391
Catherinemouth, MI 56997",N,hours
853,Cheryl Dominguez,049-75-4968,"4366 Ball Mission
East Jasonburgh, WA 04356",N,hours
854,Angel Jimenez,674-66-7168,"8359 Lloyd Loop Apt. 846
East Danstad, OH 94475",N,hours
855,Mary Huffman,675-89-7862,"610 House Oval Suite 013
Patriciaview, MO 77167",Y,hours
856,Samuel Stewart,717-89-6091,"3549 Tracey Summit
South Robert, AR 59019",N,hours
857,Carol Bailey,524-50-7781,"303 Jodi Greens
Sotoburgh, VI 11785",Y,hours
858,Andrea Hardy,202-25-7190,"356 Hess Key
Susanhaven, PA 77856",Y,miles
859,Ann Baird,111-63-8410,"9366 Anthony Unions Apt. 345
Scottport, MO 30668",Y,hours
860,James Mason,713-56-5348,"9696 Smith Run
East Cheryl, WA 71228",Y,miles
861,Michael Diaz,820-84-2587,"75079 Flores Port Suite 613
East Reginastad, KY 30948",Y,miles
862,Shannon Olson,688-02-7855,"728 Jessica Streets Suite 512
Keithstad, MT 62109",N,miles
863,Ashley Krueger,092-32-6838,"328 James Well Suite 210
Walkerstad, ID 34354",N,miles
864,Karen Cruz,427-06-2063,"564 Isaiah Crest
Ramosborough, MP 91918",Y,hours
865,Manuel Blair,796-07-6450,"332 David Spurs
New Chelseaport, AZ 28614",Y,miles
866,Matthew Hernandez,624-07-3475,"303 James Rue
Port Andreborough, OH 66188",Y,miles
867,Raymond Anderson,021-58-0585,"8032 West Junctions Suite 526
Smithview, MS 96461",N,hours
868,Brian Johnson,284-99-5622,"446 Ochoa Turnpike Apt. 928
Granthaven, ND 39327",Y,miles
869,Terry Barton,844-40-0417,"3457 Joshua Extensions Suite 257
West John, MP 45408",Y,hours
870,Karen Foley,776-95-1593,"PSC 1765, Box 0952
APO AE 05113",Y,miles
871,Christopher Rogers,346-58-1205,"Unit 1172 Box 8495
DPO AE 31448",N,miles
872,Brittany Smith,605-19-3612,"2355 John Branch Suite 930
East Derek, NV 23312",N,miles
873,Gregory Cameron,505-88-6624,"301 Philip Landing Suite 736
Port Brookeside, PR 83400",Y,hours
874,Jerry Rojas,544-79-2214,"Unit 6932 Box 9464
DPO AP 99472",N,hours
875,Tyler Peck,367-18-7016,"0971 Bethany Union
Amandatown, ME 58316",N,hours
876,Christopher Edwards,535-79-8223,"412 Johnson Stravenue Apt. 204
Galvanstad, OK 69810",Y,miles
877,Richard Estes,790-77-7577,"52214 Stafford Squares Suite 703
South Jeremy, VA 50342",Y,miles
878,Vanessa Lee,221-12-0979,"84525 Tate Tunnel Apt. 265
Gibsonport, OR 08607",N,hours
879,Ryan Kelly,303-03-6716,"90823 Stephen Forks Apt. 749
Teresafurt, CA 17194",N,miles
880,Linda Meyer,437-34-2399,"PSC 5557, Box 4994
APO AA 73221",Y,miles
881,Kirk Jones,177-26-8086,"85297 Monroe Common Apt. 840
New Kellychester, AL 72160",N,hours
882,Laura Koch,535-58-6331,"75685 Jones Route Apt. 970
Laurenton, IL 78016",Y,hours
883,Gary White,755-46-1998,"06153 Sullivan Extensions
Joshuamouth, FM 36508",Y,hours
884,Cindy Navarro,514-40-7448,"5610 Jorge Ridges Suite 184
East Suzanneport, NY 66196",Y,miles
885,Kristin Rogers,749-10-2339,"70952 Alejandra Overpass
West Brandonview, VT 95205",N,miles
886,Sandra Mills,066-97-7075,"489 Blackwell Villages Suite 388
South Christopher, MO 28351",N,miles
887,Vanessa Hooper,671-22-7292,"79002 Ortiz Extension
South Robertport, NJ 00511",Y,miles
888,Matthew Johnson,812-94-0630,"17709 Valenzuela Camp
Melissafort, PR 19099",Y,miles
889,Katherine Pierce,416-90-8317,"36839 Rodriguez Bypass Suite 971
Smithtown, MS 05953",Y,miles
890,Michelle Barber,218-49-7247,"87655 Nicole Knoll
Lake Annamouth, AK 47874",N,hours
891,Barbara Mathis,805-37-8836,"31020 Kimberly Oval
Lake Veronica, WY 31777",Y,miles
892,Cynthia Hebert,241-09-6340,"579 Heather Parkway
Dennismouth, IN 65709",N,miles
893,Jay Cervantes,753-86-6861,"2507 Aaron Mount
Port Markview, KS 67123",N,hours
894,Marc Riddle,052-65-7398,"106 Jackson Expressway
Lake Kristinemouth, WI 13142",Y,hours
895,Patrick Wood,182-51-1154,"302 Katherine Locks
East Vickieside, GU 31707",N,hours
896,Dustin Cortez,858-71-6173,"4521 Harper Spurs Apt. 532
Whiteburgh, PA 55765",N,miles
897,Laura Webster,390-58-5048,"64745 Jacob Roads Apt. 723
Robertbury, HI 99108",Y,miles
898,Jennifer Lopez,206-32-3604,"48141 Larson Village
Douglasstad, VA 15409",Y,miles
899,Melanie Brown,732-85-0610,"142 Suzanne Ways Suite 159
North Christown, MO 95678",N,miles
900,Devin Higgins,892-01-7514,"0128 Gabriella Forges Apt. 039
Joshuaside, PW 69821",Y,miles
901,Charles Huber,173-57-7683,"Unit 0623 Box 5323
DPO AE 02027",Y,miles
902,Thomas Obrien,381-22-0292,"4533 Lang Hill Suite 326
Smithmouth, FL 33533",Y,hours
903,Jonathan Compton,804-69-8011,"423 Mack Glens
Port Samuel, ME 85894",N,hours
904,Mr. Michael Myers,607-91-2688,"314 Rocha Squares Suite 718
Michellebury, FL 30126",N,hours
905,Gail Martin,557-27-3320,"2843 Gibbs Lights Suite 180
South Jefferyton, CT 55886",Y,hours
906,Patrick Rubio,752-64-9635,"6187 Vang Stream Suite 195
Bryanberg, SD 29549",Y,hours
907,Jacqueline Mitchell,814-70-1596,"7724 Navarro Path Apt. 118
West Robert, MO 27692",N,miles
908,Katelyn Thomas,176-32-2863,"57457 Brenda Keys Apt. 973
East Dianeview, NH 37816",Y,hours
909,Kristi Mejia,500-73-7777,"308 Lauren Passage Apt. 387
Lake Edwardhaven, CT 50581",Y,hours
910,Kelsey Davis,014-30-5090,"72768 Beverly Meadow Suite 286
Hollystad, AR 14217",N,miles
911,Madeline Richards,875-58-5494,"88443 Brittany Stream
Dustinborough, DC 25757",Y,miles
912,Lauren Dixon,647-86-3717,"1953 Terry Rest
Montgomerystad, LA 23642",Y,miles
913,James Perry,003-12-6583,"PSC 5969, Box 0721
APO AA 23633",N,miles
914,Shannon Hughes,520-64-0479,"70338 Heath Fords Suite 469
Morganberg, SC 37981",N,hours
915,Miss Kim Morris,628-54-4228,"673 Morris Common Suite 626
Port Mariabury, VA 28203",N,miles
916,Sean Morrow,081-37-1465,"5204 Hannah Expressway
North Taraland, IN 14251",N,hours
917,Robert Molina,730-51-6500,"Unit 7702 Box 5968
DPO AP 33850",N,miles
918,Amanda Daniels,298-01-1736,"378 Nicole Ridges
North Dylan, MN 03502",Y,hours
919,Gabriela Smith,082-11-3111,"PSC 2751, Box 0978
APO AA 12327",Y,miles
920,Jessica Barr,739-62-7018,"8418 Heather Underpass
Loveberg, PA 13592",N,hours
921,Scott Thomas,771-52-7805,"346 Stewart Loop Apt. 515
Port Michael, GU 34717",N,miles
922,Deborah Smith,208-97-0951,"267 Wesley Burgs
Brendaview, KS 50907",Y,miles
923,Brittney Henderson,090-12-6717,"3954 Brent View Suite 365
Liumouth, GU 47008",N,hours
924,Travis Lawson,795-58-4364,"0486 Floyd Mountain
New Johnny, VA 59935",Y,hours
925,Maureen Bruce,110-40-6596,"9972 Megan Island Suite 830
New Michealton, FM 76660",Y,hours
926,Laura Holland,806-43-0949,"3574 Becker Hollow
West Danielfurt, CT 99519",N,hours
927,Kelly Harris,121-87-5412,"1565 Cook Isle
Lake Loribury, PW 18896",N,hours
928,Edward Newman,125-68-4711,"772 Davis Stream
South Michelleberg, ME 63430",N,hours
929,Katherine Palmer,544-73-0652,"478 Jessica Springs Suite 188
Sullivanland, VA 21405",Y,hours
930,Steve King III,499-96-2255,"734 Dixon Corner Apt. 443
Deannahaven, MP 10923",Y,miles
931,Alicia Thomas,025-90-3386,"PSC 8160, Box 1517
APO AE 89434",N,miles
932,Julia Singh,156-20-3085,"28445 Cantu Course Apt. 010
Veronicamouth, IA 22136",Y,hours
933,Thomas Smith,252-41-9469,"901 Rich Stravenue Apt. 234
Lake Mary, IL 82636",N,hours
934,Christopher Grimes,427-49-1089,"21670 Tanner Springs Suite 730
South Loriburgh, UT 21951",Y,miles
935,Christopher Gonzalez,855-49-9385,"100 Mary Corners Suite 415
Port Tarashire, PW 45305",Y,miles
936,Melissa Alvarez,054-04-9705,"Unit 8413 Box 2566
DPO AP 28707",N,miles
937,Jason Hudson,794-15-7985,"887 Stephenson Greens
Harrisonbury, MI 30535",N,hours
938,Martin Hawkins,426-93-5836,"Unit 1120 Box 1348
DPO AP 07446",Y,miles
939,John Moses,063-44-2756,"3669 Carney Cape
Karenchester, TX 99664",Y,hours
940,Craig Kirk,192-05-3243,"479 Watson Squares Apt. 673
Pamelabury, DE 41963",N,miles
941,Valerie Jennings,589-56-6808,"326 Case Port
East Tyler, MN 58807",N,miles
942,Robert Randolph,792-83-2667,"522 Mendez Mountains Apt. 262
Davidberg, IL 11528",Y,hours
943,Timothy Hall,552-31-9563,"24711 Wade Keys Apt. 299
South Matthew, WV 17666",N,miles
944,Nicholas Hoover,540-45-5733,"88800 Lamb Underpass Apt. 465
Marthashire, NY 84385",Y,hours
945,Kenneth Barton,851-63-9572,"84741 Kimberly Track
East Jessicaland, MA 83707",N,hours
946,Elizabeth Daniels,741-05-0993,"64079 Mason Dale
Leestad, ID 03763",N,miles
947,Andrew Bryan,577-06-8293,"32986 Lambert Manors Apt. 040
Alexanderton, NC 58365",Y,miles
948,Debra Patton,696-82-7990,"Unit 0606 Box 4627
DPO AE 97492",N,hours
949,James Romero,077-31-9977,"4433 Zachary Street
West Shaunberg, OK 09549",N,miles
950,Lauren Barnett,128-13-6037,"64491 Carter Shoals
New Debrafurt, ME 24513",N,hours
951,Lucas Ochoa,734-19-2847,"509 Lori Landing Apt. 784
West Markland, VA 98955",Y,miles
952,Raymond Chen,548-65-7483,"00884 Jacob Bridge
Tracybury, NC 12061",N,hours
953,Timothy Hopkins,328-33-2463,"2791 Laurie Knoll Suite 639
Lake Gabriel, SD 50003",N,hours
954,Lindsey Kim,169-52-3780,"3094 Long Pine Suite 190
Waltersville, DC 00642",Y,hours
955,Monica White,810-71-0158,"4137 Solis Mills Suite 753
Danielborough, IL 77124",Y,miles
956,Lauren Coleman,818-69-8578,"1185 Daniel Stravenue
Youngtown, FM 11798",N,hours
957,Thomas Anderson,039-21-2812,"8199 Briana Drive
East Ashleeberg, VA 25223",N,hours
958,Vanessa Best,050-98-9663,"076 Bryan Haven
North Andrea, AK 26803",Y,hours
959,Jasmine Alvarez,042-97-0232,"9326 Nicole Ways Apt. 650
South Donnahaven, NV 92145",Y,hours
960,John Munoz,391-98-7556,"993 Ashley Estate
New Jean, IA 85615",Y,hours
961,Erika Conway,084-71-3881,"35601 Chan Mills Apt. 809
Gomezfurt, CT 48909",N,miles
962,Matthew Miller,069-36-7525,"USCGC Robertson
FPO AE 96887",Y,hours
963,Anna Suarez,070-82-0321,"USS Gibbs
FPO AA 07820",Y,hours
964,Emily Hernandez,899-06-5351,"2161 Bentley Mall
North Ashleyborough, MA 71658",N,miles
965,Nathan Smith,845-57-4904,"551 Samuel Plaza
Hillberg, AS 33533",N,hours
966,Lance Harrison,479-90-1022,"9574 Waters Hills
Greenberg, FL 10164",N,miles
967,Charlene Hess,330-38-2585,"9539 Moss Pass
Paulmouth, MP 04603",N,miles
968,Shannon Harris,551-58-9266,"1703 Taylor Shoal Apt. 689
Lake Catherine, FM 80406",Y,miles
969,Jose Guerrero,252-21-2013,"57737 Jennifer Cliffs Suite 572
Port Stephanie, IA 63098",N,hours
970,James Mccarthy,346-37-4653,"96794 Crystal Bridge
Sabrinamouth, DC 94227",Y,miles
971,Kaitlyn Fuentes,548-30-8852,"064 Mejia Landing
Keithmouth, TN 34573",N,hours
972,Heather Kelly,450-91-0784,"71793 Byrd Circle
New Veronicaland, KS 75149",N,hours
973,Pamela Cooper,869-96-7574,"Unit 2193 Box 6525
DPO AA 03249",Y,hours
974,Vickie Raymond,351-38-5121,"43943 Aaron Unions
Lake Sarahview, UT 47203",N,miles
975,Kristen Serrano,813-99-8860,"58751 Lee Parks
Johnfort, WY 17968",Y,miles
976,Jesse Mckenzie,482-13-6068,"Unit 5169 Box 1964
DPO AE 91026",N,miles
977,Mary Edwards,409-33-8337,"382 Heather Trace Suite 194
South Robertview, FL 01661",N,miles
978,Frank Walton,011-87-2416,"43020 Webb Shores Apt. 657
Lake Kristin, ME 52265",N,hours
979,Gregg Johnson,881-04-1727,"37451 Randy Falls Apt. 537
Lake Patriciaton, OH 87260",Y,miles
980,Dustin Hamilton,169-11-1123,"35043 Gina Way
Kellytown, PR 85329",N,miles
981,Robin Taylor,749-13-5776,"0530 Spence Center
Darrellton, OK 79559",Y,hours
982,Alice Mcgee,539-09-2650,"Unit 1074 Box 9058
DPO AA 69030",Y,miles
983,Alexandria Williams,195-62-1681,"851 Kimberly Road Suite 693
South Katherine, PA 43573",N,miles
984,Sherry Petersen,136-72-5769,"828 Becky Walk Apt. 522
Nguyenborough, AR 46594",Y,miles
985,Mark Haney,509-04-8911,"Unit 5805 Box 0437
DPO AE 52588",Y,hours
986,Thomas Mills,115-25-4101,"09020 Teresa Estates
Yangberg, AS 41622",Y,hours
987,Adriana King,339-80-0117,"93489 Johnson Summit Suite 240
Gregorymouth, TX 94481",N,hours
988,Kristen Johnson,517-57-2745,"USCGC Cooper
FPO AE 44035",N,hours
989,Carl George,162-88-4864,"76338 Stefanie Trail Apt. 515
Wilkinsonside, PA 59426",Y,miles
990,Eric Turner,079-80-7422,"Unit 1427 Box 6486
DPO AA 56053",N,miles
991,Craig Hernandez,760-19-8493,"725 Manuel Ranch
Glennland, MI 14166",N,hours
992,Rebecca Rodriguez,625-26-6702,"843 Alan Passage Suite 193
Lake Gerald, MN 72037",Y,hours
993,Brenda Navarro,784-55-1903,"942 Vincent Lake Apt. 339
Hoffmanton, SD 09121",N,miles
994,Amber Carter,783-67-3452,"259 Frey Throughway
New Eric, NJ 34733",Y,hours
995,Kelly Rosales,153-22-6642,"465 Hardy Square
East Josephside, NC 83244",N,hours
996,Matthew Lopez,597-44-9966,"507 Jennifer Drive
Port Laurentown, MI 59699",N,miles
997,Vincent Greer,810-78-1089,"674 Brandy Streets
Lake Sharon, DE 80213",N,miles
998,Chad Barr,288-38-0958,"9669 Robert Run Apt. 500
East Anthony, WY 39266",Y,hours
999,Madison Bush,596-09-3328,"148 Montoya Club
Lake James, NE 21453",N,hours
1000,Jeremy Jennings,786-22-6385,"258 Wagner Spurs
Port Tiffany, MT 60436",Y,miles
1001,Matthew Brown,109-29-6459,"9770 Cohen Parkway
Kathleenfurt, GU 06170",N,hours
1002,Debra Olson,044-79-6711,"6155 Tara Plain
Jillshire, AZ 77461",Y,miles
1003,Regina Martin,220-13-4750,"544 Rush Shoal
Aaronview, HI 10999",Y,miles
1004,Victor Brown,476-50-2582,"4152 Foster Harbors Apt. 730
Kennethview, ME 16749",N,hours
1005,Elizabeth Williams,659-84-1121,"294 Bryant Parkway
Fischerland, TX 27700",N,hours
1006,Jennifer Brown,413-62-7947,"8578 Andrew Prairie
South Suzanne, KS 25094",Y,hours
1007,Kara Ferguson,619-75-2535,"94192 Stanley Square
East Paul, MN 92472",N,miles
1008,Sara May,612-81-9840,"Unit 2417 Box 2493
DPO AP 51239",N,hours
1009,Edward Mendoza,363-31-9146,"527 Katherine Gardens Apt. 903
New Elizabethport, LA 78123",N,miles
